state,standardized_date,# Infected,# Deaths,total_number_of_days,population,# Susceptible
AK,2020-03-19,10.0,1.0,25,710231,710221.0
AK,2020-03-20,16.0,4.0,25,710231,710215.0
AK,2020-03-21,20.0,6.0,25,710231,710211.0
AK,2020-03-22,23.0,0.0,25,710231,710208.0
AK,2020-03-23,37.0,0.0,25,710231,710194.0
AK,2020-03-24,42.0,0.0,25,710231,710189.0
AK,2020-03-25,59.0,1.0,25,710231,710172.0
AK,2020-03-26,69.0,1.0,25,710231,710162.0
AK,2020-03-27,85.0,2.0,25,710231,710146.0
AK,2020-03-28,102.0,2.0,25,710231,710129.0
AK,2020-03-29,114.0,3.0,25,710231,710117.0
AK,2020-03-30,119.0,3.0,25,710231,710112.0
AK,2020-03-31,133.0,3.0,25,710231,710098.0
AK,2020-04-01,142.0,3.0,25,710231,710089.0
AK,2020-04-02,147.0,3.0,25,710231,710084.0
AK,2020-04-03,157.0,3.0,25,710231,710074.0
AK,2020-04-04,171.0,5.0,25,710231,710060.0
AK,2020-04-05,185.0,7.0,25,710231,710046.0
AK,2020-04-06,191.0,7.0,25,710231,710040.0
AK,2020-04-07,213.0,6.0,25,710231,710018.0
AK,2020-04-08,226.0,7.0,25,710231,710005.0
AK,2020-04-09,236.0,7.0,25,710231,709995.0
AK,2020-04-10,247.0,7.0,25,710231,709984.0
AK,2020-04-11,258.0,8.0,25,710231,709973.0
AK,2020-04-12,273.0,8.0,25,710231,709958.0
AK,2020-04-13,278.0,8.0,25,710231,709953.0
AL,2020-03-14,11.0,0.0,30,4779736,4779725.0
AL,2020-03-15,22.0,0.0,30,4779736,4779714.0
AL,2020-03-16,29.0,0.0,30,4779736,4779707.0
AL,2020-03-17,39.0,0.0,30,4779736,4779697.0
AL,2020-03-18,51.0,0.0,30,4779736,4779685.0
AL,2020-03-19,78.0,0.0,30,4779736,4779658.0
AL,2020-03-20,106.0,0.0,30,4779736,4779630.0
AL,2020-03-21,131.0,0.0,30,4779736,4779605.0
AL,2020-03-22,167.0,0.0,30,4779736,4779569.0
AL,2020-03-23,196.0,0.0,30,4779736,4779540.0
AL,2020-03-24,242.0,0.0,30,4779736,4779494.0
AL,2020-03-25,386.0,1.0,30,4779736,4779350.0
AL,2020-03-26,531.0,1.0,30,4779736,4779205.0
AL,2020-03-27,639.0,2.0,30,4779736,4779097.0
AL,2020-03-28,717.0,3.0,30,4779736,4779019.0
AL,2020-03-29,825.0,4.0,30,4779736,4778911.0
AL,2020-03-30,941.0,6.0,30,4779736,4778795.0
AL,2020-03-31,997.0,13.0,30,4779736,4778739.0
AL,2020-04-01,1106.0,16.0,30,4779736,4778630.0
AL,2020-04-02,1270.0,17.0,30,4779736,4778466.0
AL,2020-04-03,1534.0,21.0,30,4779736,4778202.0
AL,2020-04-04,1632.0,26.0,30,4779736,4778104.0
AL,2020-04-05,1840.0,31.0,30,4779736,4777896.0
AL,2020-04-06,2003.0,32.0,30,4779736,4777733.0
AL,2020-04-07,2197.0,39.0,30,4779736,4777539.0
AL,2020-04-08,2499.0,48.0,30,4779736,4777237.0
AL,2020-04-09,2838.0,48.0,30,4779736,4776898.0
AL,2020-04-10,3007.0,58.0,30,4779736,4776729.0
AL,2020-04-11,3262.0,60.0,30,4779736,4776474.0
AL,2020-04-12,3583.0,61.0,30,4779736,4776153.0
AL,2020-04-13,3803.0,61.0,30,4779736,4775933.0
AR,2020-03-14,12.0,0.0,30,2915918,2915906.0
AR,2020-03-15,16.0,0.0,30,2915918,2915902.0
AR,2020-03-16,22.0,0.0,30,2915918,2915896.0
AR,2020-03-17,28.0,0.0,30,2915918,2915890.0
AR,2020-03-18,37.0,0.0,30,2915918,2915881.0
AR,2020-03-19,62.0,0.0,30,2915918,2915856.0
AR,2020-03-20,100.0,0.0,30,2915918,2915818.0
AR,2020-03-21,118.0,0.0,30,2915918,2915800.0
AR,2020-03-22,165.0,0.0,30,2915918,2915753.0
AR,2020-03-23,192.0,0.0,30,2915918,2915726.0
AR,2020-03-24,222.0,2.0,30,2915918,2915696.0
AR,2020-03-25,296.0,1.0,30,2915918,2915622.0
AR,2020-03-26,328.0,2.0,30,2915918,2915590.0
AR,2020-03-27,375.0,6.0,30,2915918,2915543.0
AR,2020-03-28,403.0,5.0,30,2915918,2915515.0
AR,2020-03-29,445.0,5.0,30,2915918,2915473.0
AR,2020-03-30,504.0,7.0,30,2915918,2915414.0
AR,2020-03-31,560.0,8.0,30,2915918,2915358.0
AR,2020-04-01,621.0,10.0,30,2915918,2915297.0
AR,2020-04-02,678.0,12.0,30,2915918,2915240.0
AR,2020-04-03,732.0,12.0,30,2915918,2915186.0
AR,2020-04-04,740.0,13.0,30,2915918,2915178.0
AR,2020-04-05,853.0,15.0,30,2915918,2915065.0
AR,2020-04-06,927.0,16.0,30,2915918,2914991.0
AR,2020-04-07,997.0,18.0,30,2915918,2914921.0
AR,2020-04-08,1077.0,18.0,30,2915918,2914841.0
AR,2020-04-09,1146.0,21.0,30,2915918,2914772.0
AR,2020-04-10,1202.0,24.0,30,2915918,2914716.0
AR,2020-04-11,1228.0,25.0,30,2915918,2914690.0
AR,2020-04-12,1280.0,27.0,30,2915918,2914638.0
AR,2020-04-13,1475.0,27.0,30,2915918,2914443.0
AZ,2020-03-11,10.0,0.0,33,6392017,6392007.0
AZ,2020-03-12,10.0,0.0,33,6392017,6392007.0
AZ,2020-03-13,10.0,0.0,33,6392017,6392007.0
AZ,2020-03-14,12.0,0.0,33,6392017,6392005.0
AZ,2020-03-15,12.0,0.0,33,6392017,6392005.0
AZ,2020-03-16,18.0,0.0,33,6392017,6391999.0
AZ,2020-03-17,20.0,0.0,33,6392017,6391997.0
AZ,2020-03-18,27.0,0.0,33,6392017,6391990.0
AZ,2020-03-19,44.0,0.0,33,6392017,6391973.0
AZ,2020-03-20,63.0,0.0,33,6392017,6391954.0
AZ,2020-03-21,103.0,1.0,33,6392017,6391914.0
AZ,2020-03-22,152.0,2.0,33,6392017,6391865.0
AZ,2020-03-23,234.0,2.0,33,6392017,6391783.0
AZ,2020-03-24,326.0,5.0,33,6392017,6391691.0
AZ,2020-03-25,401.0,5.0,33,6392017,6391616.0
AZ,2020-03-26,508.0,8.0,33,6392017,6391509.0
AZ,2020-03-27,663.0,13.0,33,6392017,6391354.0
AZ,2020-03-28,773.0,15.0,33,6392017,6391244.0
AZ,2020-03-29,919.0,17.0,33,6392017,6391098.0
AZ,2020-03-30,1154.0,20.0,33,6392017,6390863.0
AZ,2020-03-31,1289.0,24.0,33,6392017,6390728.0
AZ,2020-04-01,1414.0,29.0,33,6392017,6390603.0
AZ,2020-04-02,1596.0,32.0,33,6392017,6390421.0
AZ,2020-04-03,1769.0,41.0,33,6392017,6390248.0
AZ,2020-04-04,2018.0,52.0,33,6392017,6389999.0
AZ,2020-04-05,2269.0,64.0,33,6392017,6389748.0
AZ,2020-04-06,2456.0,65.0,33,6392017,6389561.0
AZ,2020-04-07,2575.0,72.0,33,6392017,6389442.0
AZ,2020-04-08,2726.0,79.0,33,6392017,6389291.0
AZ,2020-04-09,3018.0,86.0,33,6392017,6388999.0
AZ,2020-04-10,3111.0,95.0,33,6392017,6388906.0
AZ,2020-04-11,3393.0,108.0,33,6392017,6388624.0
AZ,2020-04-12,3539.0,115.0,33,6392017,6388478.0
AZ,2020-04-13,3702.0,122.0,33,6392017,6388315.0
CA,2020-02-21,10.0,0.0,52,37253956,37253946.0
CA,2020-02-22,10.0,0.0,52,37253956,37253946.0
CA,2020-02-23,10.0,0.0,52,37253956,37253946.0
CA,2020-02-24,10.0,0.0,52,37253956,37253946.0
CA,2020-02-25,10.0,0.0,52,37253956,37253946.0
CA,2020-02-26,10.0,0.0,52,37253956,37253946.0
CA,2020-02-27,11.0,0.0,52,37253956,37253945.0
CA,2020-02-28,11.0,0.0,52,37253956,37253945.0
CA,2020-02-29,12.0,0.0,52,37253956,37253944.0
CA,2020-03-01,12.0,0.0,52,37253956,37253944.0
CA,2020-03-02,21.0,0.0,52,37253956,37253935.0
CA,2020-03-03,25.0,0.0,52,37253956,37253931.0
CA,2020-03-04,35.0,1.0,52,37253956,37253921.0
CA,2020-03-05,51.0,1.0,52,37253956,37253905.0
CA,2020-03-06,59.0,1.0,52,37253956,37253897.0
CA,2020-03-07,102.0,1.0,52,37253956,37253854.0
CA,2020-03-08,116.0,1.0,52,37253956,37253840.0
CA,2020-03-09,167.0,2.0,52,37253956,37253789.0
CA,2020-03-10,179.0,3.0,52,37253956,37253777.0
CA,2020-03-11,263.0,4.0,52,37253956,37253693.0
CA,2020-03-12,266.0,4.0,52,37253956,37253690.0
CA,2020-03-13,305.0,4.0,52,37253956,37253651.0
CA,2020-03-14,372.0,4.0,52,37253956,37253584.0
CA,2020-03-15,480.0,6.0,52,37253956,37253476.0
CA,2020-03-16,588.0,11.0,52,37253956,37253368.0
CA,2020-03-17,741.0,14.0,52,37253956,37253215.0
CA,2020-03-18,892.0,17.0,52,37253956,37253064.0
CA,2020-03-19,1065.0,19.0,52,37253956,37252891.0
CA,2020-03-20,1289.0,24.0,52,37253956,37252667.0
CA,2020-03-21,1524.0,29.0,52,37253956,37252432.0
CA,2020-03-22,1826.0,33.0,52,37253956,37252130.0
CA,2020-03-23,2253.0,40.0,52,37253956,37251703.0
CA,2020-03-24,2641.0,52.0,52,37253956,37251315.0
CA,2020-03-25,3176.0,67.0,52,37253956,37250780.0
CA,2020-03-26,4035.0,83.0,52,37253956,37249921.0
CA,2020-03-27,4863.0,100.0,52,37253956,37249093.0
CA,2020-03-28,5671.0,121.0,52,37253956,37248285.0
CA,2020-03-29,6352.0,132.0,52,37253956,37247604.0
CA,2020-03-30,7412.0,149.0,52,37253956,37246544.0
CA,2020-03-31,8570.0,182.0,52,37253956,37245386.0
CA,2020-04-01,9939.0,212.0,52,37253956,37244017.0
CA,2020-04-02,11170.0,243.0,52,37253956,37242786.0
CA,2020-04-03,12563.0,282.0,52,37253956,37241393.0
CA,2020-04-04,13886.0,321.0,52,37253956,37240070.0
CA,2020-04-05,15204.0,351.0,52,37253956,37238752.0
CA,2020-04-06,16356.0,388.0,52,37253956,37237600.0
CA,2020-04-07,17538.0,447.0,52,37253956,37236418.0
CA,2020-04-08,19043.0,504.0,52,37253956,37234913.0
CA,2020-04-09,20184.0,545.0,52,37253956,37233772.0
CA,2020-04-10,21376.0,595.0,52,37253956,37232580.0
CA,2020-04-11,22413.0,631.0,52,37253956,37231543.0
CA,2020-04-12,23313.0,676.0,52,37253956,37230643.0
CA,2020-04-13,24326.0,725.0,52,37253956,37229630.0
CO,2020-03-09,14.0,0.0,35,5029196,5029182.0
CO,2020-03-10,18.0,0.0,35,5029196,5029178.0
CO,2020-03-11,24.0,0.0,35,5029196,5029172.0
CO,2020-03-12,49.0,0.0,35,5029196,5029147.0
CO,2020-03-13,77.0,1.0,35,5029196,5029119.0
CO,2020-03-14,101.0,1.0,35,5029196,5029095.0
CO,2020-03-15,131.0,1.0,35,5029196,5029065.0
CO,2020-03-16,160.0,1.0,35,5029196,5029036.0
CO,2020-03-17,183.0,2.0,35,5029196,5029013.0
CO,2020-03-18,183.0,2.0,35,5029196,5029013.0
CO,2020-03-19,277.0,2.0,35,5029196,5028919.0
CO,2020-03-20,362.0,4.0,35,5029196,5028834.0
CO,2020-03-21,475.0,6.0,35,5029196,5028721.0
CO,2020-03-22,591.0,7.0,35,5029196,5028605.0
CO,2020-03-23,720.0,7.0,35,5029196,5028476.0
CO,2020-03-24,911.0,11.0,35,5029196,5028285.0
CO,2020-03-25,1086.0,19.0,35,5029196,5028110.0
CO,2020-03-26,1429.0,24.0,35,5029196,5027767.0
CO,2020-03-27,1732.0,31.0,35,5029196,5027464.0
CO,2020-03-28,2061.0,44.0,35,5029196,5027135.0
CO,2020-03-29,2306.0,47.0,35,5029196,5026890.0
CO,2020-03-30,2624.0,54.0,35,5029196,5026572.0
CO,2020-03-31,2965.0,69.0,35,5029196,5026231.0
CO,2020-04-01,3341.0,80.0,35,5029196,5025855.0
CO,2020-04-02,3724.0,97.0,35,5029196,5025472.0
CO,2020-04-03,4173.0,111.0,35,5029196,5025023.0
CO,2020-04-04,4565.0,126.0,35,5029196,5024631.0
CO,2020-04-05,4950.0,139.0,35,5029196,5024246.0
CO,2020-04-06,5172.0,150.0,35,5029196,5024024.0
CO,2020-04-07,5429.0,179.0,35,5029196,5023767.0
CO,2020-04-08,5655.0,193.0,35,5029196,5023541.0
CO,2020-04-09,6098.0,227.0,35,5029196,5023098.0
CO,2020-04-10,6322.0,250.0,35,5029196,5022874.0
CO,2020-04-11,6638.0,274.0,35,5029196,5022558.0
CO,2020-04-12,6898.0,290.0,35,5029196,5022298.0
CO,2020-04-13,7128.0,290.0,35,5029196,5022068.0
CT,2020-03-14,20.0,0.0,30,3574097,3574077.0
CT,2020-03-15,26.0,0.0,30,3574097,3574071.0
CT,2020-03-16,41.0,0.0,30,3574097,3574056.0
CT,2020-03-17,68.0,0.0,30,3574097,3574029.0
CT,2020-03-18,96.0,1.0,30,3574097,3574001.0
CT,2020-03-19,159.0,3.0,30,3574097,3573938.0
CT,2020-03-20,194.0,4.0,30,3574097,3573903.0
CT,2020-03-21,223.0,5.0,30,3574097,3573874.0
CT,2020-03-22,327.0,8.0,30,3574097,3573770.0
CT,2020-03-23,415.0,10.0,30,3574097,3573682.0
CT,2020-03-24,618.0,12.0,30,3574097,3573479.0
CT,2020-03-25,875.0,19.0,30,3574097,3573222.0
CT,2020-03-26,1012.0,21.0,30,3574097,3573085.0
CT,2020-03-27,1291.0,27.0,30,3574097,3572806.0
CT,2020-03-28,1524.0,33.0,30,3574097,3572573.0
CT,2020-03-29,1993.0,34.0,30,3574097,3572104.0
CT,2020-03-30,2571.0,36.0,30,3574097,3571526.0
CT,2020-03-31,3128.0,69.0,30,3574097,3570969.0
CT,2020-04-01,3557.0,85.0,30,3574097,3570540.0
CT,2020-04-02,3824.0,111.0,30,3574097,3570273.0
CT,2020-04-03,4915.0,133.0,30,3574097,3569182.0
CT,2020-04-04,5276.0,165.0,30,3574097,3568821.0
CT,2020-04-05,5675.0,189.0,30,3574097,3568422.0
CT,2020-04-06,6906.0,206.0,30,3574097,3567191.0
CT,2020-04-07,7781.0,277.0,30,3574097,3566316.0
CT,2020-04-08,8781.0,335.0,30,3574097,3565316.0
CT,2020-04-09,9784.0,380.0,30,3574097,3564313.0
CT,2020-04-10,10538.0,448.0,30,3574097,3563559.0
CT,2020-04-11,11510.0,494.0,30,3574097,3562587.0
CT,2020-04-12,12035.0,554.0,30,3574097,3562062.0
CT,2020-04-13,13381.0,602.0,30,3574097,3560716.0
DC,2020-03-11,10.0,0.0,33,601723,601713.0
DC,2020-03-12,10.0,0.0,33,601723,601713.0
DC,2020-03-13,10.0,0.0,33,601723,601713.0
DC,2020-03-14,16.0,0.0,33,601723,601707.0
DC,2020-03-15,17.0,0.0,33,601723,601706.0
DC,2020-03-16,22.0,0.0,33,601723,601701.0
DC,2020-03-17,31.0,0.0,33,601723,601692.0
DC,2020-03-18,39.0,0.0,33,601723,601684.0
DC,2020-03-19,71.0,0.0,33,601723,601652.0
DC,2020-03-20,77.0,1.0,33,601723,601646.0
DC,2020-03-21,98.0,1.0,33,601723,601625.0
DC,2020-03-22,116.0,2.0,33,601723,601607.0
DC,2020-03-23,137.0,2.0,33,601723,601586.0
DC,2020-03-24,183.0,2.0,33,601723,601540.0
DC,2020-03-25,231.0,3.0,33,601723,601492.0
DC,2020-03-26,267.0,3.0,33,601723,601456.0
DC,2020-03-27,304.0,4.0,33,601723,601419.0
DC,2020-03-28,342.0,5.0,33,601723,601381.0
DC,2020-03-29,401.0,9.0,33,601723,601322.0
DC,2020-03-30,495.0,9.0,33,601723,601228.0
DC,2020-03-31,586.0,11.0,33,601723,601137.0
DC,2020-04-01,586.0,12.0,33,601723,601137.0
DC,2020-04-02,653.0,15.0,33,601723,601070.0
DC,2020-04-03,757.0,21.0,33,601723,600966.0
DC,2020-04-04,902.0,21.0,33,601723,600821.0
DC,2020-04-05,998.0,22.0,33,601723,600725.0
DC,2020-04-06,1097.0,22.0,33,601723,600626.0
DC,2020-04-07,1211.0,22.0,33,601723,600512.0
DC,2020-04-08,1440.0,27.0,33,601723,600283.0
DC,2020-04-09,1523.0,22.0,33,601723,600200.0
DC,2020-04-10,1660.0,22.0,33,601723,600063.0
DC,2020-04-11,1778.0,22.0,33,601723,599945.0
DC,2020-04-12,1875.0,22.0,33,601723,599848.0
DC,2020-04-13,1875.0,22.0,33,601723,599848.0
DE,2020-03-17,17.0,0.0,27,897934,897917.0
DE,2020-03-18,26.0,0.0,27,897934,897908.0
DE,2020-03-19,30.0,0.0,27,897934,897904.0
DE,2020-03-20,39.0,0.0,27,897934,897895.0
DE,2020-03-21,45.0,0.0,27,897934,897889.0
DE,2020-03-22,56.0,0.0,27,897934,897878.0
DE,2020-03-23,87.0,0.0,27,897934,897847.0
DE,2020-03-24,104.0,0.0,27,897934,897830.0
DE,2020-03-25,119.0,0.0,27,897934,897815.0
DE,2020-03-26,119.0,0.0,27,897934,897815.0
DE,2020-03-27,165.0,2.0,27,897934,897769.0
DE,2020-03-28,214.0,5.0,27,897934,897720.0
DE,2020-03-29,232.0,6.0,27,897934,897702.0
DE,2020-03-30,264.0,7.0,27,897934,897670.0
DE,2020-03-31,319.0,10.0,27,897934,897615.0
DE,2020-04-01,368.0,11.0,27,897934,897566.0
DE,2020-04-02,393.0,12.0,27,897934,897541.0
DE,2020-04-03,450.0,14.0,27,897934,897484.0
DE,2020-04-04,593.0,14.0,27,897934,897341.0
DE,2020-04-05,673.0,14.0,27,897934,897261.0
DE,2020-04-06,783.0,15.0,27,897934,897151.0
DE,2020-04-07,928.0,16.0,27,897934,897006.0
DE,2020-04-08,1116.0,19.0,27,897934,896818.0
DE,2020-04-09,1209.0,23.0,27,897934,896725.0
DE,2020-04-10,1326.0,32.0,27,897934,896608.0
DE,2020-04-11,1479.0,33.0,27,897934,896455.0
DE,2020-04-12,1638.0,35.0,27,897934,896296.0
DE,2020-04-13,1761.0,35.0,27,897934,896173.0
FL,2020-03-09,14.0,2.0,35,18801310,18801296.0
FL,2020-03-10,25.0,2.0,35,18801310,18801285.0
FL,2020-03-11,49.0,2.0,35,18801310,18801261.0
FL,2020-03-12,58.0,2.0,35,18801310,18801252.0
FL,2020-03-13,64.0,2.0,35,18801310,18801246.0
FL,2020-03-14,96.0,3.0,35,18801310,18801214.0
FL,2020-03-15,136.0,3.0,35,18801310,18801174.0
FL,2020-03-16,167.0,5.0,35,18801310,18801143.0
FL,2020-03-17,216.0,6.0,35,18801310,18801094.0
FL,2020-03-18,328.0,7.0,35,18801310,18800982.0
FL,2020-03-19,432.0,8.0,35,18801310,18800878.0
FL,2020-03-20,652.0,10.0,35,18801310,18800658.0
FL,2020-03-21,762.0,10.0,35,18801310,18800548.0
FL,2020-03-22,1005.0,13.0,35,18801310,18800305.0
FL,2020-03-23,1227.0,19.0,35,18801310,18800083.0
FL,2020-03-24,1412.0,21.0,35,18801310,18799898.0
FL,2020-03-25,1975.0,25.0,35,18801310,18799335.0
FL,2020-03-26,2439.0,30.0,35,18801310,18798871.0
FL,2020-03-27,3198.0,46.0,35,18801310,18798112.0
FL,2020-03-28,4038.0,56.0,35,18801310,18797272.0
FL,2020-03-29,4948.0,59.0,35,18801310,18796362.0
FL,2020-03-30,5704.0,71.0,35,18801310,18795606.0
FL,2020-03-31,6741.0,85.0,35,18801310,18794569.0
FL,2020-04-01,7559.0,97.0,35,18801310,18793751.0
FL,2020-04-02,9008.0,144.0,35,18801310,18792302.0
FL,2020-04-03,10268.0,170.0,35,18801310,18791042.0
FL,2020-04-04,11544.0,195.0,35,18801310,18789766.0
FL,2020-04-05,12350.0,221.0,35,18801310,18788960.0
FL,2020-04-06,13629.0,254.0,35,18801310,18787681.0
FL,2020-04-07,14747.0,296.0,35,18801310,18786563.0
FL,2020-04-08,15698.0,323.0,35,18801310,18785612.0
FL,2020-04-09,16826.0,371.0,35,18801310,18784484.0
FL,2020-04-10,17968.0,419.0,35,18801310,18783342.0
FL,2020-04-11,18986.0,446.0,35,18801310,18782324.0
FL,2020-04-12,19895.0,461.0,35,18801310,18781415.0
FL,2020-04-13,21019.0,461.0,35,18801310,18780291.0
GA,2020-03-09,17.0,0.0,35,9687653,9687636.0
GA,2020-03-10,19.0,0.0,35,9687653,9687634.0
GA,2020-03-11,33.0,0.0,35,9687653,9687620.0
GA,2020-03-12,56.0,1.0,35,9687653,9687597.0
GA,2020-03-13,56.0,1.0,35,9687653,9687597.0
GA,2020-03-14,66.0,1.0,35,9687653,9687587.0
GA,2020-03-15,98.0,1.0,35,9687653,9687555.0
GA,2020-03-16,121.0,1.0,35,9687653,9687532.0
GA,2020-03-17,145.0,1.0,35,9687653,9687508.0
GA,2020-03-18,197.0,1.0,35,9687653,9687456.0
GA,2020-03-19,283.0,10.0,35,9687653,9687370.0
GA,2020-03-20,483.0,14.0,35,9687653,9687170.0
GA,2020-03-21,555.0,20.0,35,9687653,9687098.0
GA,2020-03-22,619.0,20.0,35,9687653,9687034.0
GA,2020-03-23,799.0,26.0,35,9687653,9686854.0
GA,2020-03-24,1093.0,37.0,35,9687653,9686560.0
GA,2020-03-25,1374.0,46.0,35,9687653,9686279.0
GA,2020-03-26,1633.0,55.0,35,9687653,9686020.0
GA,2020-03-27,2197.0,65.0,35,9687653,9685456.0
GA,2020-03-28,2445.0,78.0,35,9687653,9685208.0
GA,2020-03-29,2682.0,82.0,35,9687653,9684971.0
GA,2020-03-30,3024.0,102.0,35,9687653,9684629.0
GA,2020-03-31,4110.0,125.0,35,9687653,9683543.0
GA,2020-04-01,4744.0,154.0,35,9687653,9682909.0
GA,2020-04-02,5440.0,175.0,35,9687653,9682213.0
GA,2020-04-03,5960.0,197.0,35,9687653,9681693.0
GA,2020-04-04,6374.0,207.0,35,9687653,9681279.0
GA,2020-04-05,6731.0,219.0,35,9687653,9680922.0
GA,2020-04-06,7554.0,292.0,35,9687653,9680099.0
GA,2020-04-07,9156.0,346.0,35,9687653,9678497.0
GA,2020-04-08,10204.0,368.0,35,9687653,9677449.0
GA,2020-04-09,10885.0,409.0,35,9687653,9676768.0
GA,2020-04-10,11856.0,421.0,35,9687653,9675797.0
GA,2020-04-11,12261.0,432.0,35,9687653,9675392.0
GA,2020-04-12,12550.0,442.0,35,9687653,9675103.0
GA,2020-04-13,13621.0,442.0,35,9687653,9674032.0
HI,2020-03-17,12.0,0.0,27,1360301,1360289.0
HI,2020-03-18,15.0,0.0,27,1360301,1360286.0
HI,2020-03-19,25.0,0.0,27,1360301,1360276.0
HI,2020-03-20,35.0,0.0,27,1360301,1360266.0
HI,2020-03-21,45.0,0.0,27,1360301,1360256.0
HI,2020-03-22,53.0,0.0,27,1360301,1360248.0
HI,2020-03-23,65.0,0.0,27,1360301,1360236.0
HI,2020-03-24,84.0,0.0,27,1360301,1360217.0
HI,2020-03-25,101.0,0.0,27,1360301,1360200.0
HI,2020-03-26,106.0,0.0,27,1360301,1360195.0
HI,2020-03-27,118.0,0.0,27,1360301,1360183.0
HI,2020-03-28,151.0,0.0,27,1360301,1360150.0
HI,2020-03-29,173.0,0.0,27,1360301,1360128.0
HI,2020-03-30,202.0,0.0,27,1360301,1360099.0
HI,2020-03-31,224.0,1.0,27,1360301,1360077.0
HI,2020-04-01,258.0,2.0,27,1360301,1360043.0
HI,2020-04-02,285.0,2.0,27,1360301,1360016.0
HI,2020-04-03,319.0,3.0,27,1360301,1359982.0
HI,2020-04-04,351.0,3.0,27,1360301,1359950.0
HI,2020-04-05,371.0,4.0,27,1360301,1359930.0
HI,2020-04-06,387.0,5.0,27,1360301,1359914.0
HI,2020-04-07,410.0,6.0,27,1360301,1359891.0
HI,2020-04-08,435.0,6.0,27,1360301,1359866.0
HI,2020-04-09,442.0,6.0,27,1360301,1359859.0
HI,2020-04-10,465.0,8.0,27,1360301,1359836.0
HI,2020-04-11,486.0,8.0,27,1360301,1359815.0
HI,2020-04-12,499.0,9.0,27,1360301,1359802.0
HI,2020-04-13,504.0,9.0,27,1360301,1359797.0
IA,2020-03-10,14.0,0.0,34,3046355,3046341.0
IA,2020-03-11,14.0,0.0,34,3046355,3046341.0
IA,2020-03-12,16.0,0.0,34,3046355,3046339.0
IA,2020-03-13,17.0,0.0,34,3046355,3046338.0
IA,2020-03-14,18.0,0.0,34,3046355,3046337.0
IA,2020-03-15,18.0,0.0,34,3046355,3046337.0
IA,2020-03-16,23.0,0.0,34,3046355,3046332.0
IA,2020-03-17,29.0,0.0,34,3046355,3046326.0
IA,2020-03-18,38.0,0.0,34,3046355,3046317.0
IA,2020-03-19,44.0,0.0,34,3046355,3046311.0
IA,2020-03-20,44.0,0.0,34,3046355,3046311.0
IA,2020-03-21,68.0,0.0,34,3046355,3046287.0
IA,2020-03-22,90.0,0.0,34,3046355,3046265.0
IA,2020-03-23,105.0,0.0,34,3046355,3046250.0
IA,2020-03-24,122.0,1.0,34,3046355,3046233.0
IA,2020-03-25,145.0,1.0,34,3046355,3046210.0
IA,2020-03-26,179.0,1.0,34,3046355,3046176.0
IA,2020-03-27,235.0,3.0,34,3046355,3046120.0
IA,2020-03-28,298.0,3.0,34,3046355,3046057.0
IA,2020-03-29,336.0,4.0,34,3046355,3046019.0
IA,2020-03-30,424.0,6.0,34,3046355,3045931.0
IA,2020-03-31,496.0,7.0,34,3046355,3045859.0
IA,2020-04-01,548.0,9.0,34,3046355,3045807.0
IA,2020-04-02,614.0,11.0,34,3046355,3045741.0
IA,2020-04-03,699.0,11.0,34,3046355,3045656.0
IA,2020-04-04,785.0,11.0,34,3046355,3045570.0
IA,2020-04-05,868.0,17.0,34,3046355,3045487.0
IA,2020-04-06,945.0,25.0,34,3046355,3045410.0
IA,2020-04-07,1048.0,26.0,34,3046355,3045307.0
IA,2020-04-08,1145.0,27.0,34,3046355,3045210.0
IA,2020-04-09,1270.0,27.0,34,3046355,3045085.0
IA,2020-04-10,1388.0,31.0,34,3046355,3044967.0
IA,2020-04-11,1510.0,34.0,34,3046355,3044845.0
IA,2020-04-12,1587.0,41.0,34,3046355,3044768.0
IA,2020-04-13,1710.0,41.0,34,3046355,3044645.0
ID,2020-03-18,11.0,0.0,26,1567582,1567571.0
ID,2020-03-19,23.0,0.0,26,1567582,1567559.0
ID,2020-03-20,31.0,0.0,26,1567582,1567551.0
ID,2020-03-21,42.0,0.0,26,1567582,1567540.0
ID,2020-03-22,47.0,0.0,26,1567582,1567535.0
ID,2020-03-23,50.0,0.0,26,1567582,1567532.0
ID,2020-03-24,73.0,0.0,26,1567582,1567509.0
ID,2020-03-25,122.0,0.0,26,1567582,1567460.0
ID,2020-03-26,189.0,3.0,26,1567582,1567393.0
ID,2020-03-27,234.0,4.0,26,1567582,1567348.0
ID,2020-03-28,265.0,5.0,26,1567582,1567317.0
ID,2020-03-29,314.0,6.0,26,1567582,1567268.0
ID,2020-03-30,415.0,7.0,26,1567582,1567167.0
ID,2020-03-31,525.0,9.0,26,1567582,1567057.0
ID,2020-04-01,668.0,9.0,26,1567582,1566914.0
ID,2020-04-02,889.0,9.0,26,1567582,1566693.0
ID,2020-04-03,1011.0,10.0,26,1567582,1566571.0
ID,2020-04-04,1076.0,10.0,26,1567582,1566506.0
ID,2020-04-05,1100.0,10.0,26,1567582,1566482.0
ID,2020-04-06,1169.0,12.0,26,1567582,1566413.0
ID,2020-04-07,1210.0,14.0,26,1567582,1566372.0
ID,2020-04-08,1232.0,17.0,26,1567582,1566350.0
ID,2020-04-09,1353.0,23.0,26,1567582,1566229.0
ID,2020-04-10,1396.0,25.0,26,1567582,1566186.0
ID,2020-04-11,1407.0,27.0,26,1567582,1566175.0
ID,2020-04-12,1425.0,27.0,26,1567582,1566157.0
ID,2020-04-13,1453.0,33.0,26,1567582,1566129.0
IL,2020-03-09,13.0,0.0,35,12830632,12830619.0
IL,2020-03-10,19.0,0.0,35,12830632,12830613.0
IL,2020-03-11,24.0,0.0,35,12830632,12830608.0
IL,2020-03-12,32.0,0.0,35,12830632,12830600.0
IL,2020-03-13,46.0,0.0,35,12830632,12830586.0
IL,2020-03-14,63.0,0.0,35,12830632,12830569.0
IL,2020-03-15,92.0,0.0,35,12830632,12830540.0
IL,2020-03-16,104.0,0.0,35,12830632,12830528.0
IL,2020-03-17,159.0,1.0,35,12830632,12830473.0
IL,2020-03-18,287.0,1.0,35,12830632,12830345.0
IL,2020-03-19,421.0,4.0,35,12830632,12830211.0
IL,2020-03-20,584.0,5.0,35,12830632,12830048.0
IL,2020-03-21,752.0,6.0,35,12830632,12829880.0
IL,2020-03-22,1049.0,8.0,35,12830632,12829583.0
IL,2020-03-23,1285.0,11.0,35,12830632,12829347.0
IL,2020-03-24,1536.0,16.0,35,12830632,12829096.0
IL,2020-03-25,1864.0,18.0,35,12830632,12828768.0
IL,2020-03-26,2540.0,26.0,35,12830632,12828092.0
IL,2020-03-27,3027.0,29.0,35,12830632,12827605.0
IL,2020-03-28,3491.0,47.0,35,12830632,12827141.0
IL,2020-03-29,4596.0,65.0,35,12830632,12826036.0
IL,2020-03-30,5057.0,72.0,35,12830632,12825575.0
IL,2020-03-31,5993.0,99.0,35,12830632,12824639.0
IL,2020-04-01,6972.0,139.0,35,12830632,12823660.0
IL,2020-04-02,7678.0,157.0,35,12830632,12822954.0
IL,2020-04-03,8871.0,209.0,35,12830632,12821761.0
IL,2020-04-04,10357.0,244.0,35,12830632,12820275.0
IL,2020-04-05,11254.0,274.0,35,12830632,12819378.0
IL,2020-04-06,12259.0,307.0,35,12830632,12818373.0
IL,2020-04-07,13553.0,380.0,35,12830632,12817079.0
IL,2020-04-08,15078.0,462.0,35,12830632,12815554.0
IL,2020-04-09,16422.0,528.0,35,12830632,12814210.0
IL,2020-04-10,17884.0,596.0,35,12830632,12812748.0
IL,2020-04-11,19180.0,677.0,35,12830632,12811452.0
IL,2020-04-12,20852.0,720.0,35,12830632,12809780.0
IL,2020-04-13,22024.0,720.0,35,12830632,12808608.0
IN,2020-03-10,10.0,0.0,34,6483802,6483792.0
IN,2020-03-11,10.0,0.0,34,6483802,6483792.0
IN,2020-03-12,12.0,0.0,34,6483802,6483790.0
IN,2020-03-13,12.0,0.0,34,6483802,6483790.0
IN,2020-03-14,19.0,0.0,34,6483802,6483783.0
IN,2020-03-15,19.0,0.0,34,6483802,6483783.0
IN,2020-03-16,30.0,2.0,34,6483802,6483772.0
IN,2020-03-17,30.0,2.0,34,6483802,6483772.0
IN,2020-03-18,35.0,2.0,34,6483802,6483767.0
IN,2020-03-19,55.0,2.0,34,6483802,6483747.0
IN,2020-03-20,124.0,3.0,34,6483802,6483678.0
IN,2020-03-21,124.0,4.0,34,6483802,6483678.0
IN,2020-03-22,200.0,6.0,34,6483802,6483602.0
IN,2020-03-23,258.0,7.0,34,6483802,6483544.0
IN,2020-03-24,360.0,9.0,34,6483802,6483442.0
IN,2020-03-25,477.0,14.0,34,6483802,6483325.0
IN,2020-03-26,962.0,15.0,34,6483802,6482840.0
IN,2020-03-27,962.0,15.0,34,6483802,6482840.0
IN,2020-03-28,1232.0,30.0,34,6483802,6482570.0
IN,2020-03-29,1514.0,32.0,34,6483802,6482288.0
IN,2020-03-30,1783.0,35.0,34,6483802,6482019.0
IN,2020-03-31,2159.0,49.0,34,6483802,6481643.0
IN,2020-04-01,2564.0,65.0,34,6483802,6481238.0
IN,2020-04-02,3038.0,78.0,34,6483802,6480764.0
IN,2020-04-03,3436.0,102.0,34,6483802,6480366.0
IN,2020-04-04,3948.0,116.0,34,6483802,6479854.0
IN,2020-04-05,4409.0,127.0,34,6483802,6479393.0
IN,2020-04-06,4942.0,139.0,34,6483802,6478860.0
IN,2020-04-07,5507.0,173.0,34,6483802,6478295.0
IN,2020-04-08,5943.0,203.0,34,6483802,6477859.0
IN,2020-04-09,6351.0,245.0,34,6483802,6477451.0
IN,2020-04-10,6907.0,299.0,34,6483802,6476895.0
IN,2020-04-11,7435.0,330.0,34,6483802,6476367.0
IN,2020-04-12,7928.0,343.0,34,6483802,6475874.0
IN,2020-04-13,8236.0,343.0,34,6483802,6475566.0
KS,2020-03-16,13.0,1.0,28,2853118,2853105.0
KS,2020-03-17,16.0,1.0,28,2853118,2853102.0
KS,2020-03-18,21.0,1.0,28,2853118,2853097.0
KS,2020-03-19,34.0,1.0,28,2853118,2853084.0
KS,2020-03-20,44.0,1.0,28,2853118,2853074.0
KS,2020-03-21,54.0,2.0,28,2853118,2853064.0
KS,2020-03-22,63.0,2.0,28,2853118,2853055.0
KS,2020-03-23,79.0,2.0,28,2853118,2853039.0
KS,2020-03-24,92.0,2.0,28,2853118,2853026.0
KS,2020-03-25,125.0,3.0,28,2853118,2852993.0
KS,2020-03-26,170.0,3.0,28,2853118,2852948.0
KS,2020-03-27,205.0,4.0,28,2853118,2852913.0
KS,2020-03-28,263.0,5.0,28,2853118,2852855.0
KS,2020-03-29,320.0,5.0,28,2853118,2852798.0
KS,2020-03-30,369.0,9.0,28,2853118,2852749.0
KS,2020-03-31,428.0,10.0,28,2853118,2852690.0
KS,2020-04-01,482.0,10.0,28,2853118,2852636.0
KS,2020-04-02,550.0,13.0,28,2853118,2852568.0
KS,2020-04-03,620.0,16.0,28,2853118,2852498.0
KS,2020-04-04,698.0,21.0,28,2853118,2852420.0
KS,2020-04-05,747.0,22.0,28,2853118,2852371.0
KS,2020-04-06,845.0,25.0,28,2853118,2852273.0
KS,2020-04-07,900.0,30.0,28,2853118,2852218.0
KS,2020-04-08,1045.0,38.0,28,2853118,2852073.0
KS,2020-04-09,1106.0,42.0,28,2853118,2852012.0
KS,2020-04-10,1164.0,48.0,28,2853118,2851954.0
KS,2020-04-11,1264.0,55.0,28,2853118,2851854.0
KS,2020-04-12,1335.0,56.0,28,2853118,2851783.0
KS,2020-04-13,1376.0,62.0,28,2853118,2851742.0
KY,2020-03-12,10.0,0.0,32,4339367,4339357.0
KY,2020-03-13,13.0,0.0,32,4339367,4339354.0
KY,2020-03-14,15.0,0.0,32,4339367,4339352.0
KY,2020-03-15,21.0,1.0,32,4339367,4339346.0
KY,2020-03-16,22.0,1.0,32,4339367,4339345.0
KY,2020-03-17,26.0,1.0,32,4339367,4339341.0
KY,2020-03-18,34.0,1.0,32,4339367,4339333.0
KY,2020-03-19,47.0,2.0,32,4339367,4339320.0
KY,2020-03-20,54.0,2.0,32,4339367,4339313.0
KY,2020-03-21,53.0,3.0,32,4339367,4339314.0
KY,2020-03-22,67.0,3.0,32,4339367,4339300.0
KY,2020-03-23,122.0,4.0,32,4339367,4339245.0
KY,2020-03-24,155.0,4.0,32,4339367,4339212.0
KY,2020-03-25,194.0,5.0,32,4339367,4339173.0
KY,2020-03-26,244.0,5.0,32,4339367,4339123.0
KY,2020-03-27,298.0,9.0,32,4339367,4339069.0
KY,2020-03-28,359.0,10.0,32,4339367,4339008.0
KY,2020-03-29,391.0,10.0,32,4339367,4338976.0
KY,2020-03-30,432.0,11.0,32,4339367,4338935.0
KY,2020-03-31,531.0,18.0,32,4339367,4338836.0
KY,2020-04-01,626.0,20.0,32,4339367,4338741.0
KY,2020-04-02,717.0,31.0,32,4339367,4338650.0
KY,2020-04-03,778.0,37.0,32,4339367,4338589.0
KY,2020-04-04,874.0,40.0,32,4339367,4338493.0
KY,2020-04-05,974.0,45.0,32,4339367,4338393.0
KY,2020-04-06,1085.0,59.0,32,4339367,4338282.0
KY,2020-04-07,1144.0,62.0,32,4339367,4338223.0
KY,2020-04-08,1343.0,66.0,32,4339367,4338024.0
KY,2020-04-09,1517.0,79.0,32,4339367,4337850.0
KY,2020-04-10,1697.0,90.0,32,4339367,4337670.0
KY,2020-04-11,1847.0,94.0,32,4339367,4337520.0
KY,2020-04-12,1963.0,96.0,32,4339367,4337404.0
KY,2020-04-13,2048.0,105.0,32,4339367,4337319.0
LA,2020-03-11,13.0,0.0,33,4533372,4533359.0
LA,2020-03-12,19.0,0.0,33,4533372,4533353.0
LA,2020-03-13,36.0,0.0,33,4533372,4533336.0
LA,2020-03-14,85.0,1.0,33,4533372,4533287.0
LA,2020-03-15,103.0,2.0,33,4533372,4533269.0
LA,2020-03-16,136.0,3.0,33,4533372,4533236.0
LA,2020-03-17,196.0,4.0,33,4533372,4533176.0
LA,2020-03-18,280.0,7.0,33,4533372,4533092.0
LA,2020-03-19,391.0,10.0,33,4533372,4532981.0
LA,2020-03-20,535.0,14.0,33,4533372,4532837.0
LA,2020-03-21,762.0,20.0,33,4533372,4532610.0
LA,2020-03-22,837.0,20.0,33,4533372,4532535.0
LA,2020-03-23,1170.0,34.0,33,4533372,4532202.0
LA,2020-03-24,1384.0,45.0,33,4533372,4531988.0
LA,2020-03-25,1795.0,65.0,33,4533372,4531577.0
LA,2020-03-26,2303.0,83.0,33,4533372,4531069.0
LA,2020-03-27,2744.0,119.0,33,4533372,4530628.0
LA,2020-03-28,3313.0,137.0,33,4533372,4530059.0
LA,2020-03-29,3537.0,153.0,33,4533372,4529835.0
LA,2020-03-30,4023.0,185.0,33,4533372,4529349.0
LA,2020-03-31,5235.0,238.0,33,4533372,4528137.0
LA,2020-04-01,6424.0,268.0,33,4533372,4526948.0
LA,2020-04-02,9094.0,309.0,33,4533372,4524278.0
LA,2020-04-03,10169.0,370.0,33,4533372,4523203.0
LA,2020-04-04,12493.0,408.0,33,4533372,4520879.0
LA,2020-04-05,13010.0,476.0,33,4533372,4520362.0
LA,2020-04-06,14866.0,512.0,33,4533372,4518506.0
LA,2020-04-07,16284.0,582.0,33,4533372,4517088.0
LA,2020-04-08,17030.0,652.0,33,4533372,4516342.0
LA,2020-04-09,18283.0,702.0,33,4533372,4515089.0
LA,2020-04-10,19252.0,755.0,33,4533372,4514120.0
LA,2020-04-11,20014.0,806.0,33,4533372,4513358.0
LA,2020-04-12,20595.0,840.0,33,4533372,4512777.0
LA,2020-04-13,21016.0,840.0,33,4533372,4512356.0
MA,2020-03-08,22.0,0.0,36,6547629,6547607.0
MA,2020-03-09,41.0,0.0,36,6547629,6547588.0
MA,2020-03-10,92.0,0.0,36,6547629,6547537.0
MA,2020-03-11,95.0,0.0,36,6547629,6547534.0
MA,2020-03-12,109.0,0.0,36,6547629,6547520.0
MA,2020-03-13,125.0,0.0,36,6547629,6547504.0
MA,2020-03-14,139.0,0.0,36,6547629,6547490.0
MA,2020-03-15,163.0,0.0,36,6547629,6547466.0
MA,2020-03-16,197.0,0.0,36,6547629,6547432.0
MA,2020-03-17,218.0,0.0,36,6547629,6547411.0
MA,2020-03-18,256.0,0.0,36,6547629,6547373.0
MA,2020-03-19,328.0,0.0,36,6547629,6547301.0
MA,2020-03-20,416.0,1.0,36,6547629,6547213.0
MA,2020-03-21,524.0,2.0,36,6547629,6547105.0
MA,2020-03-22,645.0,5.0,36,6547629,6546984.0
MA,2020-03-23,776.0,9.0,36,6547629,6546853.0
MA,2020-03-24,1157.0,11.0,36,6547629,6546472.0
MA,2020-03-25,1835.0,15.0,36,6547629,6545794.0
MA,2020-03-26,2414.0,25.0,36,6547629,6545215.0
MA,2020-03-27,3240.0,35.0,36,6547629,6544389.0
MA,2020-03-28,4257.0,44.0,36,6547629,6543372.0
MA,2020-03-29,4851.0,48.0,36,6547629,6542778.0
MA,2020-03-30,5752.0,56.0,36,6547629,6541877.0
MA,2020-03-31,6620.0,89.0,36,6547629,6541009.0
MA,2020-04-01,7738.0,122.0,36,6547629,6539891.0
MA,2020-04-02,8966.0,154.0,36,6547629,6538663.0
MA,2020-04-03,10402.0,192.0,36,6547629,6537227.0
MA,2020-04-04,11736.0,216.0,36,6547629,6535893.0
MA,2020-04-05,12500.0,231.0,36,6547629,6535129.0
MA,2020-04-06,13837.0,260.0,36,6547629,6533792.0
MA,2020-04-07,15200.0,356.0,36,6547629,6532429.0
MA,2020-04-08,16790.0,433.0,36,6547629,6530839.0
MA,2020-04-09,18941.0,503.0,36,6547629,6528688.0
MA,2020-04-10,20974.0,599.0,36,6547629,6526655.0
MA,2020-04-11,22860.0,686.0,36,6547629,6524769.0
MA,2020-04-12,25475.0,756.0,36,6547629,6522154.0
MA,2020-04-13,26867.0,844.0,36,6547629,6520762.0
MD,2020-03-11,12.0,0.0,33,5773552,5773540.0
MD,2020-03-12,12.0,0.0,33,5773552,5773540.0
MD,2020-03-13,17.0,0.0,33,5773552,5773535.0
MD,2020-03-14,31.0,0.0,33,5773552,5773521.0
MD,2020-03-15,31.0,0.0,33,5773552,5773521.0
MD,2020-03-16,37.0,0.0,33,5773552,5773515.0
MD,2020-03-17,57.0,0.0,33,5773552,5773495.0
MD,2020-03-18,85.0,1.0,33,5773552,5773467.0
MD,2020-03-19,107.0,1.0,33,5773552,5773445.0
MD,2020-03-20,190.0,2.0,33,5773552,5773362.0
MD,2020-03-21,190.0,3.0,33,5773552,5773362.0
MD,2020-03-22,244.0,3.0,33,5773552,5773308.0
MD,2020-03-23,288.0,3.0,33,5773552,5773264.0
MD,2020-03-24,349.0,4.0,33,5773552,5773203.0
MD,2020-03-25,423.0,4.0,33,5773552,5773129.0
MD,2020-03-26,580.0,4.0,33,5773552,5772972.0
MD,2020-03-27,773.0,5.0,33,5773552,5772779.0
MD,2020-03-28,995.0,10.0,33,5773552,5772557.0
MD,2020-03-29,1242.0,15.0,33,5773552,5772310.0
MD,2020-03-30,1412.0,15.0,33,5773552,5772140.0
MD,2020-03-31,1660.0,17.0,33,5773552,5771892.0
MD,2020-04-01,1985.0,30.0,33,5773552,5771567.0
MD,2020-04-02,2331.0,35.0,33,5773552,5771221.0
MD,2020-04-03,2758.0,41.0,33,5773552,5770794.0
MD,2020-04-04,3125.0,53.0,33,5773552,5770427.0
MD,2020-04-05,3609.0,67.0,33,5773552,5769943.0
MD,2020-04-06,4045.0,91.0,33,5773552,5769507.0
MD,2020-04-07,4371.0,103.0,33,5773552,5769181.0
MD,2020-04-08,5529.0,124.0,33,5773552,5768023.0
MD,2020-04-09,6185.0,138.0,33,5773552,5767367.0
MD,2020-04-10,6968.0,171.0,33,5773552,5766584.0
MD,2020-04-11,7694.0,206.0,33,5773552,5765858.0
MD,2020-04-12,8225.0,235.0,33,5773552,5765327.0
MD,2020-04-13,8936.0,235.0,33,5773552,5764616.0
ME,2020-03-16,16.0,0.0,28,1328361,1328345.0
ME,2020-03-17,31.0,0.0,28,1328361,1328330.0
ME,2020-03-18,42.0,0.0,28,1328361,1328319.0
ME,2020-03-19,51.0,0.0,28,1328361,1328310.0
ME,2020-03-20,56.0,0.0,28,1328361,1328305.0
ME,2020-03-21,70.0,0.0,28,1328361,1328291.0
ME,2020-03-22,89.0,0.0,28,1328361,1328272.0
ME,2020-03-23,107.0,0.0,28,1328361,1328254.0
ME,2020-03-24,118.0,0.0,28,1328361,1328243.0
ME,2020-03-25,142.0,0.0,28,1328361,1328219.0
ME,2020-03-26,156.0,0.0,28,1328361,1328205.0
ME,2020-03-27,168.0,1.0,28,1328361,1328193.0
ME,2020-03-28,211.0,1.0,28,1328361,1328150.0
ME,2020-03-29,253.0,3.0,28,1328361,1328108.0
ME,2020-03-30,275.0,3.0,28,1328361,1328086.0
ME,2020-03-31,275.0,5.0,28,1328361,1328086.0
ME,2020-04-01,344.0,7.0,28,1328361,1328017.0
ME,2020-04-02,376.0,7.0,28,1328361,1327985.0
ME,2020-04-03,432.0,9.0,28,1328361,1327929.0
ME,2020-04-04,456.0,10.0,28,1328361,1327905.0
ME,2020-04-05,470.0,10.0,28,1328361,1327891.0
ME,2020-04-06,499.0,10.0,28,1328361,1327862.0
ME,2020-04-07,519.0,12.0,28,1328361,1327842.0
ME,2020-04-08,537.0,14.0,28,1328361,1327824.0
ME,2020-04-09,560.0,16.0,28,1328361,1327801.0
ME,2020-04-10,586.0,17.0,28,1328361,1327775.0
ME,2020-04-11,616.0,19.0,28,1328361,1327745.0
ME,2020-04-12,605.0,19.0,28,1328361,1327756.0
ME,2020-04-13,670.0,19.0,28,1328361,1327691.0
MI,2020-03-12,12.0,0.0,32,9883640,9883628.0
MI,2020-03-13,25.0,0.0,32,9883640,9883615.0
MI,2020-03-14,33.0,0.0,32,9883640,9883607.0
MI,2020-03-15,55.0,0.0,32,9883640,9883585.0
MI,2020-03-16,54.0,0.0,32,9883640,9883586.0
MI,2020-03-17,65.0,0.0,32,9883640,9883575.0
MI,2020-03-18,80.0,1.0,32,9883640,9883560.0
MI,2020-03-19,334.0,1.0,32,9883640,9883306.0
MI,2020-03-20,549.0,3.0,32,9883640,9883091.0
MI,2020-03-21,787.0,5.0,32,9883640,9882853.0
MI,2020-03-22,1035.0,6.0,32,9883640,9882605.0
MI,2020-03-23,1328.0,14.0,32,9883640,9882312.0
MI,2020-03-24,1790.0,23.0,32,9883640,9881850.0
MI,2020-03-25,2294.0,41.0,32,9883640,9881346.0
MI,2020-03-26,2855.0,57.0,32,9883640,9880785.0
MI,2020-03-27,3656.0,86.0,32,9883640,9879984.0
MI,2020-03-28,4650.0,104.0,32,9883640,9878990.0
MI,2020-03-29,5465.0,127.0,32,9883640,9878175.0
MI,2020-03-30,6495.0,184.0,32,9883640,9877145.0
MI,2020-03-31,7613.0,259.0,32,9883640,9876027.0
MI,2020-04-01,9331.0,337.0,32,9883640,9874309.0
MI,2020-04-02,10789.0,417.0,32,9883640,9872851.0
MI,2020-04-03,12739.0,479.0,32,9883640,9870901.0
MI,2020-04-04,14222.0,540.0,32,9883640,9869418.0
MI,2020-04-05,15713.0,616.0,32,9883640,9867927.0
MI,2020-04-06,17218.0,727.0,32,9883640,9866422.0
MI,2020-04-07,18969.0,845.0,32,9883640,9864671.0
MI,2020-04-08,20345.0,959.0,32,9883640,9863295.0
MI,2020-04-09,21503.0,1076.0,32,9883640,9862137.0
MI,2020-04-10,22781.0,1280.0,32,9883640,9860859.0
MI,2020-04-11,23993.0,1392.0,32,9883640,9859647.0
MI,2020-04-12,24638.0,1487.0,32,9883640,9859002.0
MI,2020-04-13,25635.0,1487.0,32,9883640,9858005.0
MN,2020-03-12,12.0,0.0,32,5303925,5303913.0
MN,2020-03-13,18.0,0.0,32,5303925,5303907.0
MN,2020-03-14,21.0,0.0,32,5303925,5303904.0
MN,2020-03-15,35.0,0.0,32,5303925,5303890.0
MN,2020-03-16,54.0,0.0,32,5303925,5303871.0
MN,2020-03-17,60.0,0.0,32,5303925,5303865.0
MN,2020-03-18,77.0,0.0,32,5303925,5303848.0
MN,2020-03-19,89.0,0.0,32,5303925,5303836.0
MN,2020-03-20,115.0,1.0,32,5303925,5303810.0
MN,2020-03-21,137.0,1.0,32,5303925,5303788.0
MN,2020-03-22,169.0,1.0,32,5303925,5303756.0
MN,2020-03-23,235.0,1.0,32,5303925,5303690.0
MN,2020-03-24,261.0,1.0,32,5303925,5303664.0
MN,2020-03-25,286.0,1.0,32,5303925,5303639.0
MN,2020-03-26,344.0,2.0,32,5303925,5303581.0
MN,2020-03-27,396.0,3.0,32,5303925,5303529.0
MN,2020-03-28,441.0,5.0,32,5303925,5303484.0
MN,2020-03-29,503.0,9.0,32,5303925,5303422.0
MN,2020-03-30,576.0,10.0,32,5303925,5303349.0
MN,2020-03-31,629.0,10.0,32,5303925,5303296.0
MN,2020-04-01,687.0,17.0,32,5303925,5303238.0
MN,2020-04-02,742.0,18.0,32,5303925,5303183.0
MN,2020-04-03,788.0,22.0,32,5303925,5303137.0
MN,2020-04-04,863.0,24.0,32,5303925,5303062.0
MN,2020-04-05,928.0,29.0,32,5303925,5302997.0
MN,2020-04-06,980.0,30.0,32,5303925,5302945.0
MN,2020-04-07,1069.0,34.0,32,5303925,5302856.0
MN,2020-04-08,1155.0,39.0,32,5303925,5302770.0
MN,2020-04-09,1245.0,50.0,32,5303925,5302680.0
MN,2020-04-10,1245.0,57.0,32,5303925,5302680.0
MN,2020-04-11,1427.0,64.0,32,5303925,5302498.0
MN,2020-04-12,1621.0,70.0,32,5303925,5302304.0
MN,2020-04-13,1650.0,70.0,32,5303925,5302275.0
MO,2020-03-18,22.0,1.0,26,5988927,5988905.0
MO,2020-03-19,26.0,1.0,26,5988927,5988901.0
MO,2020-03-20,72.0,3.0,26,5988927,5988855.0
MO,2020-03-21,90.0,3.0,26,5988927,5988837.0
MO,2020-03-22,106.0,3.0,26,5988927,5988821.0
MO,2020-03-23,183.0,3.0,26,5988927,5988744.0
MO,2020-03-24,255.0,5.0,26,5988927,5988672.0
MO,2020-03-25,352.0,8.0,26,5988927,5988575.0
MO,2020-03-26,502.0,8.0,26,5988927,5988425.0
MO,2020-03-27,663.0,9.0,26,5988927,5988264.0
MO,2020-03-28,829.0,10.0,26,5988927,5988098.0
MO,2020-03-29,888.0,12.0,26,5988927,5988039.0
MO,2020-03-30,1032.0,13.0,26,5988927,5987895.0
MO,2020-03-31,1336.0,14.0,26,5988927,5987591.0
MO,2020-04-01,1591.0,18.0,26,5988927,5987336.0
MO,2020-04-02,1833.0,19.0,26,5988927,5987094.0
MO,2020-04-03,2111.0,19.0,26,5988927,5986816.0
MO,2020-04-04,2285.0,23.0,26,5988927,5986642.0
MO,2020-04-05,2369.0,33.0,26,5988927,5986558.0
MO,2020-04-06,2723.0,38.0,26,5988927,5986204.0
MO,2020-04-07,3037.0,53.0,26,5988927,5985890.0
MO,2020-04-08,3327.0,58.0,26,5988927,5985600.0
MO,2020-04-09,3539.0,79.0,26,5988927,5985388.0
MO,2020-04-10,3789.0,98.0,26,5988927,5985138.0
MO,2020-04-11,4024.0,110.0,26,5988927,5984903.0
MO,2020-04-12,4160.0,111.0,26,5988927,5984767.0
MO,2020-04-13,4387.0,111.0,26,5988927,5984540.0
MS,2020-03-14,10.0,0.0,30,2967297,2967287.0
MS,2020-03-15,10.0,0.0,30,2967297,2967287.0
MS,2020-03-16,12.0,0.0,30,2967297,2967285.0
MS,2020-03-17,21.0,0.0,30,2967297,2967276.0
MS,2020-03-18,34.0,0.0,30,2967297,2967263.0
MS,2020-03-19,50.0,1.0,30,2967297,2967247.0
MS,2020-03-20,80.0,1.0,30,2967297,2967217.0
MS,2020-03-21,140.0,1.0,30,2967297,2967157.0
MS,2020-03-22,208.0,2.0,30,2967297,2967089.0
MS,2020-03-23,249.0,2.0,30,2967297,2967048.0
MS,2020-03-24,314.0,1.0,30,2967297,2966983.0
MS,2020-03-25,376.0,5.0,30,2967297,2966921.0
MS,2020-03-26,484.0,6.0,30,2967297,2966813.0
MS,2020-03-27,484.0,6.0,30,2967297,2966813.0
MS,2020-03-28,484.0,6.0,30,2967297,2966813.0
MS,2020-03-29,756.0,14.0,30,2967297,2966541.0
MS,2020-03-30,845.0,16.0,30,2967297,2966452.0
MS,2020-03-31,935.0,19.0,30,2967297,2966362.0
MS,2020-04-01,1064.0,22.0,30,2967297,2966233.0
MS,2020-04-02,1178.0,26.0,30,2967297,2966119.0
MS,2020-04-03,1460.0,30.0,30,2967297,2965837.0
MS,2020-04-04,1566.0,36.0,30,2967297,2965731.0
MS,2020-04-05,1748.0,44.0,30,2967297,2965549.0
MS,2020-04-06,1848.0,52.0,30,2967297,2965449.0
MS,2020-04-07,1915.0,60.0,30,2967297,2965382.0
MS,2020-04-08,2003.0,67.0,30,2967297,2965294.0
MS,2020-04-09,2258.0,76.0,30,2967297,2965039.0
MS,2020-04-10,2465.0,82.0,30,2967297,2964832.0
MS,2020-04-11,2642.0,93.0,30,2967297,2964655.0
MS,2020-04-12,2781.0,96.0,30,2967297,2964516.0
MS,2020-04-13,2942.0,96.0,30,2967297,2964355.0
MT,2020-03-18,12.0,0.0,26,989415,989403.0
MT,2020-03-19,15.0,0.0,26,989415,989400.0
MT,2020-03-20,19.0,0.0,26,989415,989396.0
MT,2020-03-21,27.0,0.0,26,989415,989388.0
MT,2020-03-22,34.0,0.0,26,989415,989381.0
MT,2020-03-23,45.0,0.0,26,989415,989370.0
MT,2020-03-24,51.0,0.0,26,989415,989364.0
MT,2020-03-25,65.0,0.0,26,989415,989350.0
MT,2020-03-26,89.0,0.0,26,989415,989326.0
MT,2020-03-27,120.0,1.0,26,989415,989295.0
MT,2020-03-28,147.0,2.0,26,989415,989268.0
MT,2020-03-29,161.0,2.0,26,989415,989254.0
MT,2020-03-30,177.0,4.0,26,989415,989238.0
MT,2020-03-31,198.0,4.0,26,989415,989217.0
MT,2020-04-01,217.0,4.0,26,989415,989198.0
MT,2020-04-02,241.0,5.0,26,989415,989174.0
MT,2020-04-03,262.0,5.0,26,989415,989153.0
MT,2020-04-04,281.0,5.0,26,989415,989134.0
MT,2020-04-05,297.0,5.0,26,989415,989118.0
MT,2020-04-06,319.0,5.0,26,989415,989096.0
MT,2020-04-07,319.0,6.0,26,989415,989096.0
MT,2020-04-08,332.0,6.0,26,989415,989083.0
MT,2020-04-09,332.0,6.0,26,989415,989083.0
MT,2020-04-10,332.0,6.0,26,989415,989083.0
MT,2020-04-11,332.0,6.0,26,989415,989083.0
MT,2020-04-12,332.0,6.0,26,989415,989083.0
MT,2020-04-13,332.0,6.0,26,989415,989083.0
NC,2020-03-11,17.0,0.0,33,9535483,9535466.0
NC,2020-03-12,16.0,0.0,33,9535483,9535467.0
NC,2020-03-13,17.0,0.0,33,9535483,9535466.0
NC,2020-03-14,32.0,0.0,33,9535483,9535451.0
NC,2020-03-15,33.0,0.0,33,9535483,9535450.0
NC,2020-03-16,40.0,0.0,33,9535483,9535443.0
NC,2020-03-17,40.0,0.0,33,9535483,9535443.0
NC,2020-03-18,63.0,0.0,33,9535483,9535420.0
NC,2020-03-19,137.0,0.0,33,9535483,9535346.0
NC,2020-03-20,137.0,0.0,33,9535483,9535346.0
NC,2020-03-21,184.0,0.0,33,9535483,9535299.0
NC,2020-03-22,255.0,0.0,33,9535483,9535228.0
NC,2020-03-23,290.0,0.0,33,9535483,9535193.0
NC,2020-03-24,392.0,0.0,33,9535483,9535091.0
NC,2020-03-25,495.0,1.0,33,9535483,9534988.0
NC,2020-03-26,622.0,1.0,33,9535483,9534861.0
NC,2020-03-27,763.0,3.0,33,9535483,9534720.0
NC,2020-03-28,929.0,4.0,33,9535483,9534554.0
NC,2020-03-29,1163.0,4.0,33,9535483,9534320.0
NC,2020-03-30,1302.0,6.0,33,9535483,9534181.0
NC,2020-03-31,1491.0,8.0,33,9535483,9533992.0
NC,2020-04-01,1580.0,10.0,33,9535483,9533903.0
NC,2020-04-02,1855.0,16.0,33,9535483,9533628.0
NC,2020-04-03,2093.0,19.0,33,9535483,9533390.0
NC,2020-04-04,2402.0,24.0,33,9535483,9533081.0
NC,2020-04-05,2585.0,31.0,33,9535483,9532898.0
NC,2020-04-06,2870.0,33.0,33,9535483,9532613.0
NC,2020-04-07,3221.0,46.0,33,9535483,9532262.0
NC,2020-04-08,3426.0,53.0,33,9535483,9532057.0
NC,2020-04-09,3654.0,65.0,33,9535483,9531829.0
NC,2020-04-10,3909.0,74.0,33,9535483,9531574.0
NC,2020-04-11,4313.0,80.0,33,9535483,9531170.0
NC,2020-04-12,4523.0,81.0,33,9535483,9530960.0
NC,2020-04-13,4818.0,81.0,33,9535483,9530665.0
ND,2020-03-19,19.0,0.0,25,672591,672572.0
ND,2020-03-20,26.0,0.0,25,672591,672565.0
ND,2020-03-21,28.0,0.0,25,672591,672563.0
ND,2020-03-22,30.0,0.0,25,672591,672561.0
ND,2020-03-23,32.0,0.0,25,672591,672559.0
ND,2020-03-24,36.0,0.0,25,672591,672555.0
ND,2020-03-25,45.0,0.0,25,672591,672546.0
ND,2020-03-26,58.0,0.0,25,672591,672533.0
ND,2020-03-27,68.0,1.0,25,672591,672523.0
ND,2020-03-28,93.0,1.0,25,672591,672498.0
ND,2020-03-29,97.0,1.0,25,672591,672494.0
ND,2020-03-30,109.0,3.0,25,672591,672482.0
ND,2020-03-31,126.0,3.0,25,672591,672465.0
ND,2020-04-01,147.0,3.0,25,672591,672444.0
ND,2020-04-02,159.0,3.0,25,672591,672432.0
ND,2020-04-03,173.0,3.0,25,672591,672418.0
ND,2020-04-04,186.0,3.0,25,672591,672405.0
ND,2020-04-05,207.0,3.0,25,672591,672384.0
ND,2020-04-06,225.0,3.0,25,672591,672366.0
ND,2020-04-07,237.0,4.0,25,672591,672354.0
ND,2020-04-08,251.0,4.0,25,672591,672340.0
ND,2020-04-09,269.0,5.0,25,672591,672322.0
ND,2020-04-10,278.0,7.0,25,672591,672313.0
ND,2020-04-11,293.0,7.0,25,672591,672298.0
ND,2020-04-12,308.0,8.0,25,672591,672283.0
ND,2020-04-13,331.0,8.0,25,672591,672260.0
NE,2020-03-11,10.0,0.0,33,1826341,1826331.0
NE,2020-03-12,11.0,0.0,33,1826341,1826330.0
NE,2020-03-13,13.0,0.0,33,1826341,1826328.0
NE,2020-03-14,18.0,0.0,33,1826341,1826323.0
NE,2020-03-15,18.0,0.0,33,1826341,1826323.0
NE,2020-03-16,18.0,0.0,33,1826341,1826323.0
NE,2020-03-17,24.0,0.0,33,1826341,1826317.0
NE,2020-03-18,30.0,0.0,33,1826341,1826311.0
NE,2020-03-19,31.0,0.0,33,1826341,1826310.0
NE,2020-03-20,36.0,0.0,33,1826341,1826305.0
NE,2020-03-21,45.0,0.0,33,1826341,1826296.0
NE,2020-03-22,49.0,0.0,33,1826341,1826292.0
NE,2020-03-23,52.0,0.0,33,1826341,1826289.0
NE,2020-03-24,55.0,0.0,33,1826341,1826286.0
NE,2020-03-25,62.0,0.0,33,1826341,1826279.0
NE,2020-03-26,76.0,0.0,33,1826341,1826265.0
NE,2020-03-27,83.0,2.0,33,1826341,1826258.0
NE,2020-03-28,108.0,2.0,33,1826341,1826233.0
NE,2020-03-29,129.0,2.0,33,1826341,1826212.0
NE,2020-03-30,153.0,3.0,33,1826341,1826188.0
NE,2020-03-31,177.0,4.0,33,1826341,1826164.0
NE,2020-04-01,214.0,5.0,33,1826341,1826127.0
NE,2020-04-02,254.0,6.0,33,1826341,1826087.0
NE,2020-04-03,284.0,6.0,33,1826341,1826057.0
NE,2020-04-04,318.0,6.0,33,1826341,1826023.0
NE,2020-04-05,354.0,6.0,33,1826341,1825987.0
NE,2020-04-06,402.0,6.0,33,1826341,1825939.0
NE,2020-04-07,478.0,6.0,33,1826341,1825863.0
NE,2020-04-08,523.0,14.0,33,1826341,1825818.0
NE,2020-04-09,577.0,14.0,33,1826341,1825764.0
NE,2020-04-10,647.0,14.0,33,1826341,1825694.0
NE,2020-04-11,704.0,14.0,33,1826341,1825637.0
NE,2020-04-12,758.0,14.0,33,1826341,1825583.0
NE,2020-04-13,833.0,14.0,33,1826341,1825508.0
NH,2020-03-15,13.0,0.0,29,1316470,1316457.0
NH,2020-03-16,17.0,0.0,29,1316470,1316453.0
NH,2020-03-17,26.0,0.0,29,1316470,1316444.0
NH,2020-03-18,39.0,0.0,29,1316470,1316431.0
NH,2020-03-19,44.0,0.0,29,1316470,1316426.0
NH,2020-03-20,55.0,0.0,29,1316470,1316415.0
NH,2020-03-21,65.0,0.0,29,1316470,1316405.0
NH,2020-03-22,78.0,0.0,29,1316470,1316392.0
NH,2020-03-23,102.0,1.0,29,1316470,1316368.0
NH,2020-03-24,108.0,1.0,29,1316470,1316362.0
NH,2020-03-25,137.0,1.0,29,1316470,1316333.0
NH,2020-03-26,157.0,1.0,29,1316470,1316313.0
NH,2020-03-27,187.0,3.0,29,1316470,1316283.0
NH,2020-03-28,214.0,3.0,29,1316470,1316256.0
NH,2020-03-29,268.0,3.0,29,1316470,1316202.0
NH,2020-03-30,313.0,3.0,29,1316470,1316157.0
NH,2020-03-31,367.0,3.0,29,1316470,1316103.0
NH,2020-04-01,367.0,4.0,29,1316470,1316103.0
NH,2020-04-02,479.0,4.0,29,1316470,1315991.0
NH,2020-04-03,540.0,7.0,29,1316470,1315930.0
NH,2020-04-04,620.0,9.0,29,1316470,1315850.0
NH,2020-04-05,669.0,9.0,29,1316470,1315801.0
NH,2020-04-06,715.0,9.0,29,1316470,1315755.0
NH,2020-04-07,747.0,13.0,29,1316470,1315723.0
NH,2020-04-08,788.0,18.0,29,1316470,1315682.0
NH,2020-04-09,819.0,21.0,29,1316470,1315651.0
NH,2020-04-10,885.0,23.0,29,1316470,1315585.0
NH,2020-04-11,928.0,23.0,29,1316470,1315542.0
NH,2020-04-12,985.0,23.0,29,1316470,1315485.0
NH,2020-04-13,1020.0,23.0,29,1316470,1315450.0
NJ,2020-03-09,15.0,1.0,35,8791894,8791879.0
NJ,2020-03-10,23.0,1.0,35,8791894,8791871.0
NJ,2020-03-11,23.0,1.0,35,8791894,8791871.0
NJ,2020-03-12,29.0,1.0,35,8791894,8791865.0
NJ,2020-03-13,56.0,1.0,35,8791894,8791838.0
NJ,2020-03-14,72.0,1.0,35,8791894,8791822.0
NJ,2020-03-15,98.0,2.0,35,8791894,8791796.0
NJ,2020-03-16,176.0,3.0,35,8791894,8791718.0
NJ,2020-03-17,267.0,3.0,35,8791894,8791627.0
NJ,2020-03-18,417.0,5.0,35,8791894,8791477.0
NJ,2020-03-19,742.0,9.0,35,8791894,8791152.0
NJ,2020-03-20,890.0,11.0,35,8791894,8791004.0
NJ,2020-03-21,1327.0,16.0,35,8791894,8790567.0
NJ,2020-03-22,1914.0,24.0,35,8791894,8789980.0
NJ,2020-03-23,2851.0,27.0,35,8791894,8789043.0
NJ,2020-03-24,3675.0,44.0,35,8791894,8788219.0
NJ,2020-03-25,4402.0,62.0,35,8791894,8787492.0
NJ,2020-03-26,6331.0,80.0,35,8791894,8785563.0
NJ,2020-03-27,8825.0,108.0,35,8791894,8783069.0
NJ,2020-03-28,10836.0,140.0,35,8791894,8781058.0
NJ,2020-03-29,13386.0,161.0,35,8791894,8778508.0
NJ,2020-03-30,16636.0,198.0,35,8791894,8775258.0
NJ,2020-03-31,18696.0,265.0,35,8791894,8773198.0
NJ,2020-04-01,22255.0,355.0,35,8791894,8769639.0
NJ,2020-04-02,25590.0,537.0,35,8791894,8766304.0
NJ,2020-04-03,29895.0,646.0,35,8791894,8761999.0
NJ,2020-04-04,34997.0,837.0,35,8791894,8756897.0
NJ,2020-04-05,37505.0,917.0,35,8791894,8754389.0
NJ,2020-04-06,41091.0,1002.0,35,8791894,8750803.0
NJ,2020-04-07,44416.0,1232.0,35,8791894,8747478.0
NJ,2020-04-08,47437.0,1504.0,35,8791894,8744457.0
NJ,2020-04-09,51393.0,1692.0,35,8791894,8740501.0
NJ,2020-04-10,54588.0,1932.0,35,8791894,8737306.0
NJ,2020-04-11,58151.0,2183.0,35,8791894,8733743.0
NJ,2020-04-12,61850.0,2350.0,35,8791894,8730044.0
NJ,2020-04-13,64655.0,2350.0,35,8791894,8727239.0
NM,2020-03-13,10.0,0.0,31,2059179,2059169.0
NM,2020-03-14,13.0,0.0,31,2059179,2059166.0
NM,2020-03-15,13.0,0.0,31,2059179,2059166.0
NM,2020-03-16,21.0,0.0,31,2059179,2059158.0
NM,2020-03-17,23.0,0.0,31,2059179,2059156.0
NM,2020-03-18,28.0,0.0,31,2059179,2059151.0
NM,2020-03-19,35.0,0.0,31,2059179,2059144.0
NM,2020-03-20,43.0,0.0,31,2059179,2059136.0
NM,2020-03-21,57.0,0.0,31,2059179,2059122.0
NM,2020-03-22,65.0,0.0,31,2059179,2059114.0
NM,2020-03-23,82.0,0.0,31,2059179,2059097.0
NM,2020-03-24,95.0,0.0,31,2059179,2059084.0
NM,2020-03-25,112.0,0.0,31,2059179,2059067.0
NM,2020-03-26,136.0,1.0,31,2059179,2059043.0
NM,2020-03-27,194.0,1.0,31,2059179,2058985.0
NM,2020-03-28,208.0,2.0,31,2059179,2058971.0
NM,2020-03-29,234.0,2.0,31,2059179,2058945.0
NM,2020-03-30,281.0,2.0,31,2059179,2058898.0
NM,2020-03-31,315.0,5.0,31,2059179,2058864.0
NM,2020-04-01,362.0,6.0,31,2059179,2058817.0
NM,2020-04-02,403.0,7.0,31,2059179,2058776.0
NM,2020-04-03,494.0,10.0,31,2059179,2058685.0
NM,2020-04-04,545.0,11.0,31,2059179,2058634.0
NM,2020-04-05,626.0,12.0,31,2059179,2058553.0
NM,2020-04-06,688.0,12.0,31,2059179,2058491.0
NM,2020-04-07,796.0,13.0,31,2059179,2058383.0
NM,2020-04-08,865.0,16.0,31,2059179,2058314.0
NM,2020-04-09,989.0,17.0,31,2059179,2058190.0
NM,2020-04-10,1090.0,19.0,31,2059179,2058089.0
NM,2020-04-11,1174.0,20.0,31,2059179,2058005.0
NM,2020-04-12,1245.0,26.0,31,2059179,2057934.0
NM,2020-04-13,1345.0,26.0,31,2059179,2057834.0
NV,2020-03-12,11.0,0.0,32,2700551,2700540.0
NV,2020-03-13,20.0,0.0,32,2700551,2700531.0
NV,2020-03-14,21.0,0.0,32,2700551,2700530.0
NV,2020-03-15,26.0,0.0,32,2700551,2700525.0
NV,2020-03-16,45.0,1.0,32,2700551,2700506.0
NV,2020-03-17,55.0,1.0,32,2700551,2700496.0
NV,2020-03-18,55.0,1.0,32,2700551,2700496.0
NV,2020-03-19,91.0,1.0,32,2700551,2700460.0
NV,2020-03-20,153.0,2.0,32,2700551,2700398.0
NV,2020-03-21,158.0,2.0,32,2700551,2700393.0
NV,2020-03-22,194.0,2.0,32,2700551,2700357.0
NV,2020-03-23,249.0,4.0,32,2700551,2700302.0
NV,2020-03-24,281.0,6.0,32,2700551,2700270.0
NV,2020-03-25,408.0,10.0,32,2700551,2700143.0
NV,2020-03-26,536.0,10.0,32,2700551,2700015.0
NV,2020-03-27,520.0,10.0,32,2700551,2700031.0
NV,2020-03-28,637.0,14.0,32,2700551,2699914.0
NV,2020-03-29,926.0,15.0,32,2700551,2699625.0
NV,2020-03-30,1009.0,18.0,32,2700551,2699542.0
NV,2020-03-31,1113.0,26.0,32,2700551,2699438.0
NV,2020-04-01,1279.0,32.0,32,2700551,2699272.0
NV,2020-04-02,1458.0,38.0,32,2700551,2699093.0
NV,2020-04-03,1551.0,43.0,32,2700551,2699000.0
NV,2020-04-04,1752.0,46.0,32,2700551,2698799.0
NV,2020-04-05,1836.0,46.0,32,2700551,2698715.0
NV,2020-04-06,1953.0,58.0,32,2700551,2698598.0
NV,2020-04-07,2098.0,59.0,32,2700551,2698453.0
NV,2020-04-08,2318.0,80.0,32,2700551,2698233.0
NV,2020-04-09,2456.0,85.0,32,2700551,2698095.0
NV,2020-04-10,2624.0,102.0,32,2700551,2697927.0
NV,2020-04-11,2624.0,102.0,32,2700551,2697927.0
NV,2020-04-12,2624.0,102.0,32,2700551,2697927.0
NV,2020-04-13,2624.0,102.0,32,2700551,2697927.0
NY,2020-03-04,11.0,0.0,40,19378102,19378091.0
NY,2020-03-05,23.0,0.0,40,19378102,19378079.0
NY,2020-03-06,25.0,0.0,40,19378102,19378077.0
NY,2020-03-07,77.0,0.0,40,19378102,19378025.0
NY,2020-03-08,107.0,0.0,40,19378102,19377995.0
NY,2020-03-09,145.0,0.0,40,19378102,19377957.0
NY,2020-03-10,173.0,0.0,40,19378102,19377929.0
NY,2020-03-11,207.0,0.0,40,19378102,19377895.0
NY,2020-03-12,325.0,0.0,40,19378102,19377777.0
NY,2020-03-13,421.0,0.0,40,19378102,19377681.0
NY,2020-03-14,527.0,2.0,40,19378102,19377575.0
NY,2020-03-15,729.0,6.0,40,19378102,19377373.0
NY,2020-03-16,950.0,12.0,40,19378102,19377152.0
NY,2020-03-17,1544.0,17.0,40,19378102,19376558.0
NY,2020-03-18,3052.0,21.0,40,19378102,19375050.0
NY,2020-03-19,5637.0,39.0,40,19378102,19372465.0
NY,2020-03-20,7848.0,34.0,40,19378102,19370254.0
NY,2020-03-21,12208.0,57.0,40,19378102,19365894.0
NY,2020-03-22,15832.0,116.0,40,19378102,19362270.0
NY,2020-03-23,20911.0,156.0,40,19378102,19357191.0
NY,2020-03-24,25578.0,236.0,40,19378102,19352524.0
NY,2020-03-25,32968.0,342.0,40,19378102,19345134.0
NY,2020-03-26,38976.0,440.0,40,19378102,19339126.0
NY,2020-03-27,44813.0,545.0,40,19378102,19333289.0
NY,2020-03-28,53303.0,787.0,40,19378102,19324799.0
NY,2020-03-29,59240.0,964.0,40,19378102,19318862.0
NY,2020-03-30,67194.0,1211.0,40,19378102,19310908.0
NY,2020-03-31,74447.0,1544.0,40,19378102,19303655.0
NY,2020-04-01,82133.0,1939.0,40,19378102,19295969.0
NY,2020-04-02,90390.0,2371.0,40,19378102,19287712.0
NY,2020-04-03,103652.0,2934.0,40,19378102,19274450.0
NY,2020-04-04,113892.0,3433.0,40,19378102,19264210.0
NY,2020-04-05,122178.0,4159.0,40,19378102,19255924.0
NY,2020-04-06,130830.0,4758.0,40,19378102,19247272.0
NY,2020-04-07,138988.0,5545.0,40,19378102,19239114.0
NY,2020-04-08,149476.0,6268.0,40,19378102,19228626.0
NY,2020-04-09,159937.0,7024.0,40,19378102,19218165.0
NY,2020-04-10,170512.0,8084.0,40,19378102,19207590.0
NY,2020-04-11,180533.0,8627.0,40,19378102,19197569.0
NY,2020-04-12,188694.0,9385.0,40,19378102,19189408.0
NY,2020-04-13,195031.0,9767.0,40,19378102,19183071.0
OH,2020-03-13,13.0,0.0,31,11536504,11536491.0
OH,2020-03-14,25.0,0.0,31,11536504,11536479.0
OH,2020-03-15,37.0,0.0,31,11536504,11536467.0
OH,2020-03-16,50.0,0.0,31,11536504,11536454.0
OH,2020-03-17,67.0,0.0,31,11536504,11536437.0
OH,2020-03-18,86.0,0.0,31,11536504,11536418.0
OH,2020-03-19,119.0,0.0,31,11536504,11536385.0
OH,2020-03-20,169.0,1.0,31,11536504,11536335.0
OH,2020-03-21,247.0,3.0,31,11536504,11536257.0
OH,2020-03-22,351.0,3.0,31,11536504,11536153.0
OH,2020-03-23,431.0,6.0,31,11536504,11536073.0
OH,2020-03-24,563.0,8.0,31,11536504,11535941.0
OH,2020-03-25,703.0,10.0,31,11536504,11535801.0
OH,2020-03-26,867.0,16.0,31,11536504,11535637.0
OH,2020-03-27,1137.0,19.0,31,11536504,11535367.0
OH,2020-03-28,1405.0,25.0,31,11536504,11535099.0
OH,2020-03-29,1651.0,29.0,31,11536504,11534853.0
OH,2020-03-30,1933.0,39.0,31,11536504,11534571.0
OH,2020-03-31,2197.0,55.0,31,11536504,11534307.0
OH,2020-04-01,2546.0,65.0,31,11536504,11533958.0
OH,2020-04-02,2902.0,81.0,31,11536504,11533602.0
OH,2020-04-03,3312.0,90.0,31,11536504,11533192.0
OH,2020-04-04,3738.0,102.0,31,11536504,11532766.0
OH,2020-04-05,4041.0,119.0,31,11536504,11532463.0
OH,2020-04-06,4442.0,142.0,31,11536504,11532062.0
OH,2020-04-07,4782.0,167.0,31,11536504,11531722.0
OH,2020-04-08,5148.0,193.0,31,11536504,11531356.0
OH,2020-04-09,5512.0,213.0,31,11536504,11530992.0
OH,2020-04-10,5878.0,231.0,31,11536504,11530626.0
OH,2020-04-11,6250.0,247.0,31,11536504,11530254.0
OH,2020-04-12,6604.0,253.0,31,11536504,11529900.0
OH,2020-04-13,6975.0,253.0,31,11536504,11529529.0
OK,2020-03-16,10.0,0.0,28,3751351,3751341.0
OK,2020-03-17,17.0,0.0,28,3751351,3751334.0
OK,2020-03-18,29.0,1.0,28,3751351,3751322.0
OK,2020-03-19,43.0,1.0,28,3751351,3751308.0
OK,2020-03-20,49.0,1.0,28,3751351,3751302.0
OK,2020-03-21,53.0,1.0,28,3751351,3751298.0
OK,2020-03-22,67.0,2.0,28,3751351,3751284.0
OK,2020-03-23,81.0,2.0,28,3751351,3751270.0
OK,2020-03-24,106.0,3.0,28,3751351,3751245.0
OK,2020-03-25,164.0,5.0,28,3751351,3751187.0
OK,2020-03-26,243.0,7.0,28,3751351,3751108.0
OK,2020-03-27,243.0,7.0,28,3751351,3751108.0
OK,2020-03-28,377.0,15.0,28,3751351,3750974.0
OK,2020-03-29,429.0,16.0,28,3751351,3750922.0
OK,2020-03-30,480.0,17.0,28,3751351,3750871.0
OK,2020-03-31,566.0,23.0,28,3751351,3750785.0
OK,2020-04-01,720.0,29.0,28,3751351,3750631.0
OK,2020-04-02,877.0,34.0,28,3751351,3750474.0
OK,2020-04-03,987.0,38.0,28,3751351,3750364.0
OK,2020-04-04,1157.0,42.0,28,3751351,3750194.0
OK,2020-04-05,1251.0,46.0,28,3751351,3750100.0
OK,2020-04-06,1325.0,51.0,28,3751351,3750026.0
OK,2020-04-07,1469.0,67.0,28,3751351,3749882.0
OK,2020-04-08,1522.0,79.0,28,3751351,3749829.0
OK,2020-04-09,1681.0,80.0,28,3751351,3749670.0
OK,2020-04-10,1790.0,88.0,28,3751351,3749561.0
OK,2020-04-11,1868.0,94.0,28,3751351,3749483.0
OK,2020-04-12,1970.0,96.0,28,3751351,3749381.0
OK,2020-04-13,2069.0,96.0,28,3751351,3749282.0
OR,2020-03-08,14.0,0.0,36,3831074,3831060.0
OR,2020-03-09,14.0,0.0,36,3831074,3831060.0
OR,2020-03-10,15.0,0.0,36,3831074,3831059.0
OR,2020-03-11,19.0,0.0,36,3831074,3831055.0
OR,2020-03-12,24.0,0.0,36,3831074,3831050.0
OR,2020-03-13,30.0,0.0,36,3831074,3831044.0
OR,2020-03-14,36.0,1.0,36,3831074,3831038.0
OR,2020-03-15,39.0,1.0,36,3831074,3831035.0
OR,2020-03-16,47.0,1.0,36,3831074,3831027.0
OR,2020-03-17,65.0,1.0,36,3831074,3831009.0
OR,2020-03-18,74.0,3.0,36,3831074,3831000.0
OR,2020-03-19,88.0,3.0,36,3831074,3830986.0
OR,2020-03-20,114.0,3.0,36,3831074,3830960.0
OR,2020-03-21,137.0,4.0,36,3831074,3830937.0
OR,2020-03-22,161.0,4.0,36,3831074,3830913.0
OR,2020-03-23,190.0,5.0,36,3831074,3830884.0
OR,2020-03-24,209.0,5.0,36,3831074,3830865.0
OR,2020-03-25,265.0,10.0,36,3831074,3830809.0
OR,2020-03-26,315.0,11.0,36,3831074,3830759.0
OR,2020-03-27,414.0,12.0,36,3831074,3830660.0
OR,2020-03-28,479.0,13.0,36,3831074,3830595.0
OR,2020-03-29,548.0,13.0,36,3831074,3830526.0
OR,2020-03-30,605.0,16.0,36,3831074,3830469.0
OR,2020-03-31,689.0,18.0,36,3831074,3830385.0
OR,2020-04-01,735.0,19.0,36,3831074,3830339.0
OR,2020-04-02,825.0,21.0,36,3831074,3830249.0
OR,2020-04-03,898.0,22.0,36,3831074,3830176.0
OR,2020-04-04,999.0,26.0,36,3831074,3830075.0
OR,2020-04-05,1067.0,27.0,36,3831074,3830007.0
OR,2020-04-06,1132.0,29.0,36,3831074,3829942.0
OR,2020-04-07,1181.0,33.0,36,3831074,3829893.0
OR,2020-04-08,1239.0,38.0,36,3831074,3829835.0
OR,2020-04-09,1321.0,44.0,36,3831074,3829753.0
OR,2020-04-10,1371.0,48.0,36,3831074,3829703.0
OR,2020-04-11,1447.0,51.0,36,3831074,3829627.0
OR,2020-04-12,1527.0,52.0,36,3831074,3829547.0
OR,2020-04-13,1584.0,52.0,36,3831074,3829490.0
PA,2020-03-09,12.0,0.0,35,12702379,12702367.0
PA,2020-03-10,14.0,0.0,35,12702379,12702365.0
PA,2020-03-11,19.0,0.0,35,12702379,12702360.0
PA,2020-03-12,22.0,0.0,35,12702379,12702357.0
PA,2020-03-13,41.0,0.0,35,12702379,12702338.0
PA,2020-03-14,47.0,0.0,35,12702379,12702332.0
PA,2020-03-15,76.0,0.0,35,12702379,12702303.0
PA,2020-03-16,75.0,0.0,35,12702379,12702304.0
PA,2020-03-17,95.0,0.0,35,12702379,12702284.0
PA,2020-03-18,132.0,1.0,35,12702379,12702247.0
PA,2020-03-19,184.0,1.0,35,12702379,12702195.0
PA,2020-03-20,268.0,1.0,35,12702379,12702111.0
PA,2020-03-21,371.0,2.0,35,12702379,12702008.0
PA,2020-03-22,478.0,2.0,35,12702379,12701901.0
PA,2020-03-23,644.0,6.0,35,12702379,12701735.0
PA,2020-03-24,851.0,7.0,35,12702379,12701528.0
PA,2020-03-25,1195.0,11.0,35,12702379,12701184.0
PA,2020-03-26,1687.0,16.0,35,12702379,12700692.0
PA,2020-03-27,2218.0,22.0,35,12702379,12700161.0
PA,2020-03-28,2750.0,34.0,35,12702379,12699629.0
PA,2020-03-29,3393.0,38.0,35,12702379,12698986.0
PA,2020-03-30,4082.0,48.0,35,12702379,12698297.0
PA,2020-03-31,4839.0,63.0,35,12702379,12697540.0
PA,2020-04-01,5805.0,74.0,35,12702379,12696574.0
PA,2020-04-02,7016.0,90.0,35,12702379,12695363.0
PA,2020-04-03,8420.0,102.0,35,12702379,12693959.0
PA,2020-04-04,10016.0,136.0,35,12702379,12692363.0
PA,2020-04-05,11496.0,150.0,35,12702379,12690883.0
PA,2020-04-06,12973.0,162.0,35,12702379,12689406.0
PA,2020-04-07,14559.0,240.0,35,12702379,12687820.0
PA,2020-04-08,16239.0,309.0,35,12702379,12686140.0
PA,2020-04-09,18228.0,338.0,35,12702379,12684151.0
PA,2020-04-10,19978.0,416.0,35,12702379,12682401.0
PA,2020-04-11,21655.0,494.0,35,12702379,12680724.0
PA,2020-04-12,22833.0,507.0,35,12702379,12679546.0
PA,2020-04-13,24199.0,507.0,35,12702379,12678180.0
RI,2020-03-13,14.0,0.0,31,1052567,1052553.0
RI,2020-03-14,20.0,0.0,31,1052567,1052547.0
RI,2020-03-15,20.0,0.0,31,1052567,1052547.0
RI,2020-03-16,21.0,0.0,31,1052567,1052546.0
RI,2020-03-17,23.0,0.0,31,1052567,1052544.0
RI,2020-03-18,33.0,0.0,31,1052567,1052534.0
RI,2020-03-19,44.0,0.0,31,1052567,1052523.0
RI,2020-03-20,44.0,0.0,31,1052567,1052523.0
RI,2020-03-21,66.0,0.0,31,1052567,1052501.0
RI,2020-03-22,83.0,0.0,31,1052567,1052484.0
RI,2020-03-23,106.0,0.0,31,1052567,1052461.0
RI,2020-03-24,106.0,0.0,31,1052567,1052461.0
RI,2020-03-25,132.0,0.0,31,1052567,1052435.0
RI,2020-03-26,165.0,0.0,31,1052567,1052402.0
RI,2020-03-27,203.0,0.0,31,1052567,1052364.0
RI,2020-03-28,239.0,2.0,31,1052567,1052328.0
RI,2020-03-29,267.0,3.0,31,1052567,1052300.0
RI,2020-03-30,406.0,4.0,31,1052567,1052161.0
RI,2020-03-31,485.0,8.0,31,1052567,1052082.0
RI,2020-04-01,563.0,10.0,31,1052567,1052004.0
RI,2020-04-02,651.0,12.0,31,1052567,1051916.0
RI,2020-04-03,705.0,14.0,31,1052567,1051862.0
RI,2020-04-04,806.0,15.0,31,1052567,1051761.0
RI,2020-04-05,922.0,25.0,31,1052567,1051645.0
RI,2020-04-06,1082.0,27.0,31,1052567,1051485.0
RI,2020-04-07,1229.0,30.0,31,1052567,1051338.0
RI,2020-04-08,1439.0,35.0,31,1052567,1051128.0
RI,2020-04-09,1712.0,43.0,31,1052567,1050855.0
RI,2020-04-10,2015.0,49.0,31,1052567,1050552.0
RI,2020-04-11,2348.0,56.0,31,1052567,1050219.0
RI,2020-04-12,2665.0,63.0,31,1052567,1049902.0
RI,2020-04-13,2976.0,73.0,31,1052567,1049591.0
SC,2020-03-10,10.0,0.0,34,4625364,4625354.0
SC,2020-03-11,12.0,0.0,34,4625364,4625352.0
SC,2020-03-12,13.0,0.0,34,4625364,4625351.0
SC,2020-03-13,13.0,0.0,34,4625364,4625351.0
SC,2020-03-14,19.0,0.0,34,4625364,4625345.0
SC,2020-03-15,28.0,0.0,34,4625364,4625336.0
SC,2020-03-16,33.0,1.0,34,4625364,4625331.0
SC,2020-03-17,47.0,1.0,34,4625364,4625317.0
SC,2020-03-18,60.0,1.0,34,4625364,4625304.0
SC,2020-03-19,80.0,1.0,34,4625364,4625284.0
SC,2020-03-20,124.0,1.0,34,4625364,4625240.0
SC,2020-03-21,171.0,3.0,34,4625364,4625193.0
SC,2020-03-22,193.0,3.0,34,4625364,4625171.0
SC,2020-03-23,297.0,5.0,34,4625364,4625067.0
SC,2020-03-24,340.0,7.0,34,4625364,4625024.0
SC,2020-03-25,424.0,7.0,34,4625364,4624940.0
SC,2020-03-26,453.0,10.0,34,4625364,4624911.0
SC,2020-03-27,539.0,9.0,34,4625364,4624825.0
SC,2020-03-28,660.0,15.0,34,4625364,4624704.0
SC,2020-03-29,774.0,16.0,34,4625364,4624590.0
SC,2020-03-30,925.0,18.0,34,4625364,4624439.0
SC,2020-03-31,1083.0,22.0,34,4625364,4624281.0
SC,2020-04-01,1293.0,26.0,34,4625364,4624071.0
SC,2020-04-02,1553.0,32.0,34,4625364,4623811.0
SC,2020-04-03,1699.0,35.0,34,4625364,4623665.0
SC,2020-04-04,1913.0,41.0,34,4625364,4623451.0
SC,2020-04-05,2048.0,45.0,34,4625364,4623316.0
SC,2020-04-06,2230.0,49.0,34,4625364,4623134.0
SC,2020-04-07,2417.0,53.0,34,4625364,4622947.0
SC,2020-04-08,2552.0,63.0,34,4625364,4622812.0
SC,2020-04-09,2792.0,67.0,34,4625364,4622572.0
SC,2020-04-10,3065.0,72.0,34,4625364,4622299.0
SC,2020-04-11,3065.0,72.0,34,4625364,4622299.0
SC,2020-04-12,3319.0,82.0,34,4625364,4622045.0
SC,2020-04-13,3439.0,82.0,34,4625364,4621925.0
SD,2020-03-16,10.0,1.0,28,814180,814170.0
SD,2020-03-17,11.0,1.0,28,814180,814169.0
SD,2020-03-18,11.0,1.0,28,814180,814169.0
SD,2020-03-19,14.0,1.0,28,814180,814166.0
SD,2020-03-20,14.0,1.0,28,814180,814166.0
SD,2020-03-21,14.0,1.0,28,814180,814166.0
SD,2020-03-22,21.0,1.0,28,814180,814159.0
SD,2020-03-23,27.0,1.0,28,814180,814153.0
SD,2020-03-24,30.0,1.0,28,814180,814150.0
SD,2020-03-25,41.0,1.0,28,814180,814139.0
SD,2020-03-26,46.0,1.0,28,814180,814134.0
SD,2020-03-27,58.0,1.0,28,814180,814122.0
SD,2020-03-28,68.0,1.0,28,814180,814112.0
SD,2020-03-29,90.0,1.0,28,814180,814090.0
SD,2020-03-30,100.0,1.0,28,814180,814080.0
SD,2020-03-31,100.0,1.0,28,814180,814080.0
SD,2020-04-01,129.0,2.0,28,814180,814051.0
SD,2020-04-02,165.0,2.0,28,814180,814015.0
SD,2020-04-03,187.0,2.0,28,814180,813993.0
SD,2020-04-04,212.0,2.0,28,814180,813968.0
SD,2020-04-05,240.0,2.0,28,814180,813940.0
SD,2020-04-06,285.0,2.0,28,814180,813895.0
SD,2020-04-07,320.0,6.0,28,814180,813860.0
SD,2020-04-08,393.0,6.0,28,814180,813787.0
SD,2020-04-09,447.0,6.0,28,814180,813733.0
SD,2020-04-10,534.0,6.0,28,814180,813646.0
SD,2020-04-11,626.0,6.0,28,814180,813554.0
SD,2020-04-12,730.0,6.0,28,814180,813450.0
SD,2020-04-13,868.0,6.0,28,814180,813312.0
TN,2020-03-12,17.0,0.0,32,6346105,6346088.0
TN,2020-03-13,18.0,0.0,32,6346105,6346087.0
TN,2020-03-14,32.0,0.0,32,6346105,6346073.0
TN,2020-03-15,39.0,0.0,32,6346105,6346066.0
TN,2020-03-16,76.0,0.0,32,6346105,6346029.0
TN,2020-03-17,73.0,0.0,32,6346105,6346032.0
TN,2020-03-18,98.0,0.0,32,6346105,6346007.0
TN,2020-03-19,154.0,0.0,32,6346105,6345951.0
TN,2020-03-20,227.0,1.0,32,6346105,6345878.0
TN,2020-03-21,368.0,1.0,32,6346105,6345737.0
TN,2020-03-22,499.0,2.0,32,6346105,6345606.0
TN,2020-03-23,615.0,2.0,32,6346105,6345490.0
TN,2020-03-24,667.0,2.0,32,6346105,6345438.0
TN,2020-03-25,780.0,4.0,32,6346105,6345325.0
TN,2020-03-26,956.0,4.0,32,6346105,6345149.0
TN,2020-03-27,1201.0,6.0,32,6346105,6344904.0
TN,2020-03-28,1370.0,6.0,32,6346105,6344735.0
TN,2020-03-29,1579.0,6.0,32,6346105,6344526.0
TN,2020-03-30,1833.0,13.0,32,6346105,6344272.0
TN,2020-03-31,2238.0,22.0,32,6346105,6343867.0
TN,2020-04-01,2681.0,24.0,32,6346105,6343424.0
TN,2020-04-02,2844.0,31.0,32,6346105,6343261.0
TN,2020-04-03,3066.0,37.0,32,6346105,6343039.0
TN,2020-04-04,3319.0,43.0,32,6346105,6342786.0
TN,2020-04-05,3631.0,45.0,32,6346105,6342474.0
TN,2020-04-06,3800.0,65.0,32,6346105,6342305.0
TN,2020-04-07,4136.0,72.0,32,6346105,6341969.0
TN,2020-04-08,4361.0,79.0,32,6346105,6341744.0
TN,2020-04-09,4632.0,94.0,32,6346105,6341473.0
TN,2020-04-10,4859.0,97.0,32,6346105,6341246.0
TN,2020-04-11,5111.0,101.0,32,6346105,6340994.0
TN,2020-04-12,5304.0,101.0,32,6346105,6340801.0
TN,2020-04-13,5610.0,109.0,32,6346105,6340495.0
TX,2020-03-08,11.0,0.0,36,25145561,25145550.0
TX,2020-03-09,16.0,0.0,36,25145561,25145545.0
TX,2020-03-10,21.0,0.0,36,25145561,25145540.0
TX,2020-03-11,21.0,0.0,36,25145561,25145540.0
TX,2020-03-12,23.0,0.0,36,25145561,25145538.0
TX,2020-03-13,38.0,0.0,36,25145561,25145523.0
TX,2020-03-14,51.0,0.0,36,25145561,25145510.0
TX,2020-03-15,59.0,0.0,36,25145561,25145502.0
TX,2020-03-16,60.0,1.0,36,25145561,25145501.0
TX,2020-03-17,76.0,1.0,36,25145561,25145485.0
TX,2020-03-18,107.0,2.0,36,25145561,25145454.0
TX,2020-03-19,230.0,4.0,36,25145561,25145331.0
TX,2020-03-20,304.0,5.0,36,25145561,25145257.0
TX,2020-03-21,338.0,5.0,36,25145561,25145223.0
TX,2020-03-22,365.0,5.0,36,25145561,25145196.0
TX,2020-03-23,702.0,9.0,36,25145561,25144859.0
TX,2020-03-24,894.0,11.0,36,25145561,25144667.0
TX,2020-03-25,1211.0,15.0,36,25145561,25144350.0
TX,2020-03-26,1576.0,21.0,36,25145561,25143985.0
TX,2020-03-27,1915.0,23.0,36,25145561,25143646.0
TX,2020-03-28,2225.0,30.0,36,25145561,25143336.0
TX,2020-03-29,2663.0,35.0,36,25145561,25142898.0
TX,2020-03-30,3085.0,39.0,36,25145561,25142476.0
TX,2020-03-31,3604.0,50.0,36,25145561,25141957.0
TX,2020-04-01,4268.0,64.0,36,25145561,25141293.0
TX,2020-04-02,4954.0,77.0,36,25145561,25140607.0
TX,2020-04-03,5704.0,90.0,36,25145561,25139857.0
TX,2020-04-04,6363.0,107.0,36,25145561,25139198.0
TX,2020-04-05,7007.0,127.0,36,25145561,25138554.0
TX,2020-04-06,7583.0,141.0,36,25145561,25137978.0
TX,2020-04-07,8653.0,155.0,36,25145561,25136908.0
TX,2020-04-08,9717.0,178.0,36,25145561,25135844.0
TX,2020-04-09,10563.0,199.0,36,25145561,25134998.0
TX,2020-04-10,12033.0,226.0,36,25145561,25133528.0
TX,2020-04-11,12958.0,254.0,36,25145561,25132603.0
TX,2020-04-12,13735.0,271.0,36,25145561,25131826.0
TX,2020-04-13,14212.0,271.0,36,25145561,25131349.0
UT,2020-03-14,19.0,0.0,30,2763885,2763866.0
UT,2020-03-15,21.0,0.0,30,2763885,2763864.0
UT,2020-03-16,30.0,1.0,30,2763885,2763855.0
UT,2020-03-17,51.0,0.0,30,2763885,2763834.0
UT,2020-03-18,65.0,0.0,30,2763885,2763820.0
UT,2020-03-19,78.0,0.0,30,2763885,2763807.0
UT,2020-03-20,112.0,0.0,30,2763885,2763773.0
UT,2020-03-21,136.0,0.0,30,2763885,2763749.0
UT,2020-03-22,180.0,1.0,30,2763885,2763705.0
UT,2020-03-23,257.0,1.0,30,2763885,2763628.0
UT,2020-03-24,298.0,1.0,30,2763885,2763587.0
UT,2020-03-25,345.0,1.0,30,2763885,2763540.0
UT,2020-03-26,410.0,1.0,30,2763885,2763475.0
UT,2020-03-27,482.0,2.0,30,2763885,2763403.0
UT,2020-03-28,603.0,3.0,30,2763885,2763282.0
UT,2020-03-29,712.0,3.0,30,2763885,2763173.0
UT,2020-03-30,804.0,4.0,30,2763885,2763081.0
UT,2020-03-31,887.0,4.0,30,2763885,2762998.0
UT,2020-04-01,1013.0,7.0,30,2763885,2762872.0
UT,2020-04-02,1076.0,7.0,30,2763885,2762809.0
UT,2020-04-03,1244.0,7.0,30,2763885,2762641.0
UT,2020-04-04,1422.0,8.0,30,2763885,2762463.0
UT,2020-04-05,1605.0,8.0,30,2763885,2762280.0
UT,2020-04-06,1675.0,13.0,30,2763885,2762210.0
UT,2020-04-07,1739.0,13.0,30,2763885,2762146.0
UT,2020-04-08,1848.0,13.0,30,2763885,2762037.0
UT,2020-04-09,1979.0,13.0,30,2763885,2761906.0
UT,2020-04-10,2103.0,17.0,30,2763885,2761782.0
UT,2020-04-11,2206.0,18.0,30,2763885,2761679.0
UT,2020-04-12,2305.0,18.0,30,2763885,2761580.0
UT,2020-04-13,2363.0,18.0,30,2763885,2761522.0
VA,2020-03-13,38.0,0.0,31,7932348,7932310.0
VA,2020-03-14,37.0,1.0,31,7932348,7932311.0
VA,2020-03-15,40.0,1.0,31,7932348,7932308.0
VA,2020-03-16,45.0,2.0,31,7932348,7932303.0
VA,2020-03-17,60.0,2.0,31,7932348,7932288.0
VA,2020-03-18,69.0,2.0,31,7932348,7932279.0
VA,2020-03-19,81.0,2.0,31,7932348,7932267.0
VA,2020-03-20,103.0,2.0,31,7932348,7932245.0
VA,2020-03-21,136.0,3.0,31,7932348,7932212.0
VA,2020-03-22,199.0,6.0,31,7932348,7932149.0
VA,2020-03-23,226.0,7.0,31,7932348,7932122.0
VA,2020-03-24,292.0,7.0,31,7932348,7932056.0
VA,2020-03-25,392.0,9.0,31,7932348,7931956.0
VA,2020-03-26,391.0,10.0,31,7932348,7931957.0
VA,2020-03-27,604.0,14.0,31,7932348,7931744.0
VA,2020-03-28,738.0,17.0,31,7932348,7931610.0
VA,2020-03-29,888.0,22.0,31,7932348,7931460.0
VA,2020-03-30,1018.0,25.0,31,7932348,7931330.0
VA,2020-03-31,1247.0,27.0,31,7932348,7931101.0
VA,2020-04-01,1482.0,34.0,31,7932348,7930866.0
VA,2020-04-02,1702.0,41.0,31,7932348,7930646.0
VA,2020-04-03,2009.0,46.0,31,7932348,7930339.0
VA,2020-04-04,2407.0,52.0,31,7932348,7929941.0
VA,2020-04-05,2635.0,51.0,31,7932348,7929713.0
VA,2020-04-06,2876.0,57.0,31,7932348,7929472.0
VA,2020-04-07,3333.0,63.0,31,7932348,7929015.0
VA,2020-04-08,3645.0,75.0,31,7932348,7928703.0
VA,2020-04-09,4042.0,109.0,31,7932348,7928306.0
VA,2020-04-10,4506.0,121.0,31,7932348,7927842.0
VA,2020-04-11,5077.0,130.0,31,7932348,7927271.0
VA,2020-04-12,5274.0,141.0,31,7932348,7927074.0
VA,2020-04-13,5747.0,148.0,31,7932348,7926601.0
VT,2020-03-17,12.0,0.0,27,625741,625729.0
VT,2020-03-18,18.0,0.0,27,625741,625723.0
VT,2020-03-19,21.0,2.0,27,625741,625720.0
VT,2020-03-20,33.0,2.0,27,625741,625708.0
VT,2020-03-21,49.0,2.0,27,625741,625692.0
VT,2020-03-22,53.0,2.0,27,625741,625688.0
VT,2020-03-23,76.0,4.0,27,625741,625665.0
VT,2020-03-24,95.0,6.0,27,625741,625646.0
VT,2020-03-25,123.0,7.0,27,625741,625618.0
VT,2020-03-26,158.0,8.0,27,625741,625583.0
VT,2020-03-27,184.0,9.0,27,625741,625557.0
VT,2020-03-28,211.0,12.0,27,625741,625530.0
VT,2020-03-29,234.0,12.0,27,625741,625507.0
VT,2020-03-30,256.0,12.0,27,625741,625485.0
VT,2020-03-31,292.0,10.0,27,625741,625449.0
VT,2020-04-01,320.0,13.0,27,625741,625421.0
VT,2020-04-02,338.0,14.0,27,625741,625403.0
VT,2020-04-03,389.0,14.0,27,625741,625352.0
VT,2020-04-04,461.0,16.0,27,625741,625280.0
VT,2020-04-05,512.0,18.0,27,625741,625229.0
VT,2020-04-06,543.0,19.0,27,625741,625198.0
VT,2020-04-07,575.0,23.0,27,625741,625166.0
VT,2020-04-08,605.0,23.0,27,625741,625136.0
VT,2020-04-09,628.0,23.0,27,625741,625113.0
VT,2020-04-10,679.0,23.0,27,625741,625062.0
VT,2020-04-11,711.0,25.0,27,625741,625030.0
VT,2020-04-12,727.0,27.0,27,625741,625014.0
VT,2020-04-13,748.0,28.0,27,625741,624993.0
WA,2020-03-01,11.0,1.0,43,6724540,6724529.0
WA,2020-03-02,18.0,6.0,43,6724540,6724522.0
WA,2020-03-03,27.0,7.0,43,6724540,6724513.0
WA,2020-03-04,39.0,10.0,43,6724540,6724501.0
WA,2020-03-05,70.0,11.0,43,6724540,6724470.0
WA,2020-03-06,78.0,13.0,43,6724540,6724462.0
WA,2020-03-07,102.0,16.0,43,6724540,6724438.0
WA,2020-03-08,122.0,19.0,43,6724540,6724418.0
WA,2020-03-09,162.0,23.0,43,6724540,6724378.0
WA,2020-03-10,265.0,24.0,43,6724540,6724275.0
WA,2020-03-11,365.0,29.0,43,6724540,6724175.0
WA,2020-03-12,457.0,31.0,43,6724540,6724083.0
WA,2020-03-13,568.0,37.0,43,6724540,6723972.0
WA,2020-03-14,642.0,40.0,43,6724540,6723898.0
WA,2020-03-15,769.0,42.0,43,6724540,6723771.0
WA,2020-03-16,906.0,48.0,43,6724540,6723634.0
WA,2020-03-17,1006.0,52.0,43,6724540,6723534.0
WA,2020-03-18,1187.0,66.0,43,6724540,6723353.0
WA,2020-03-19,1376.0,74.0,43,6724540,6723164.0
WA,2020-03-20,1524.0,83.0,43,6724540,6723016.0
WA,2020-03-21,1790.0,94.0,43,6724540,6722750.0
WA,2020-03-22,1996.0,95.0,43,6724540,6722544.0
WA,2020-03-23,2221.0,110.0,43,6724540,6722319.0
WA,2020-03-24,2455.0,123.0,43,6724540,6722085.0
WA,2020-03-25,2581.0,132.0,43,6724540,6721959.0
WA,2020-03-26,3206.0,149.0,43,6724540,6721334.0
WA,2020-03-27,3759.0,176.0,43,6724540,6720781.0
WA,2020-03-28,4289.0,184.0,43,6724540,6720251.0
WA,2020-03-29,4896.0,195.0,43,6724540,6719644.0
WA,2020-03-30,5414.0,218.0,43,6724540,6719126.0
WA,2020-03-31,5662.0,222.0,43,6724540,6718878.0
WA,2020-04-01,6264.0,251.0,43,6724540,6718276.0
WA,2020-04-02,6818.0,265.0,43,6724540,6717722.0
WA,2020-04-03,7119.0,288.0,43,6724540,6717421.0
WA,2020-04-04,7655.0,310.0,43,6724540,6716885.0
WA,2020-04-05,8017.0,338.0,43,6724540,6716523.0
WA,2020-04-06,8383.0,372.0,43,6724540,6716157.0
WA,2020-04-07,8681.0,394.0,43,6724540,6715859.0
WA,2020-04-08,9096.0,421.0,43,6724540,6715444.0
WA,2020-04-09,9606.0,446.0,43,6724540,6714934.0
WA,2020-04-10,9884.0,474.0,43,6724540,6714656.0
WA,2020-04-11,10224.0,491.0,43,6724540,6714316.0
WA,2020-04-12,10411.0,508.0,43,6724540,6714129.0
WA,2020-04-13,10538.0,508.0,43,6724540,6714002.0
WI,2020-03-13,19.0,0.0,31,5686986,5686967.0
WI,2020-03-14,27.0,0.0,31,5686986,5686959.0
WI,2020-03-15,33.0,0.0,31,5686986,5686953.0
WI,2020-03-16,47.0,0.0,31,5686986,5686939.0
WI,2020-03-17,72.0,0.0,31,5686986,5686914.0
WI,2020-03-18,106.0,0.0,31,5686986,5686880.0
WI,2020-03-19,155.0,2.0,31,5686986,5686831.0
WI,2020-03-20,206.0,3.0,31,5686986,5686780.0
WI,2020-03-21,281.0,4.0,31,5686986,5686705.0
WI,2020-03-22,381.0,4.0,31,5686986,5686605.0
WI,2020-03-23,410.0,5.0,31,5686986,5686576.0
WI,2020-03-24,455.0,5.0,31,5686986,5686531.0
WI,2020-03-25,584.0,6.0,31,5686986,5686402.0
WI,2020-03-26,707.0,8.0,31,5686986,5686279.0
WI,2020-03-27,842.0,12.0,31,5686986,5686144.0
WI,2020-03-28,989.0,13.0,31,5686986,5685997.0
WI,2020-03-29,1112.0,13.0,31,5686986,5685874.0
WI,2020-03-30,1221.0,14.0,31,5686986,5685765.0
WI,2020-03-31,1351.0,16.0,31,5686986,5685635.0
WI,2020-04-01,1549.0,24.0,31,5686986,5685437.0
WI,2020-04-02,1730.0,31.0,31,5686986,5685256.0
WI,2020-04-03,1916.0,37.0,31,5686986,5685070.0
WI,2020-04-04,2112.0,56.0,31,5686986,5684874.0
WI,2020-04-05,2266.0,68.0,31,5686986,5684720.0
WI,2020-04-06,2438.0,77.0,31,5686986,5684548.0
WI,2020-04-07,2578.0,92.0,31,5686986,5684408.0
WI,2020-04-08,2756.0,99.0,31,5686986,5684230.0
WI,2020-04-09,2885.0,111.0,31,5686986,5684101.0
WI,2020-04-10,3068.0,128.0,31,5686986,5683918.0
WI,2020-04-11,3213.0,137.0,31,5686986,5683773.0
WI,2020-04-12,3341.0,144.0,31,5686986,5683645.0
WI,2020-04-13,3428.0,144.0,31,5686986,5683558.0
WV,2020-03-21,12.0,0.0,23,1852994,1852982.0
WV,2020-03-22,16.0,0.0,23,1852994,1852978.0
WV,2020-03-23,20.0,0.0,23,1852994,1852974.0
WV,2020-03-24,38.0,0.0,23,1852994,1852956.0
WV,2020-03-25,49.0,0.0,23,1852994,1852945.0
WV,2020-03-26,49.0,0.0,23,1852994,1852945.0
WV,2020-03-27,96.0,0.0,23,1852994,1852898.0
WV,2020-03-28,113.0,0.0,23,1852994,1852881.0
WV,2020-03-29,123.0,1.0,23,1852994,1852871.0
WV,2020-03-30,145.0,1.0,23,1852994,1852849.0
WV,2020-03-31,162.0,1.0,23,1852994,1852832.0
WV,2020-04-01,189.0,2.0,23,1852994,1852805.0
WV,2020-04-02,217.0,2.0,23,1852994,1852777.0
WV,2020-04-03,237.0,2.0,23,1852994,1852757.0
WV,2020-04-04,281.0,2.0,23,1852994,1852713.0
WV,2020-04-05,320.0,3.0,23,1852994,1852674.0
WV,2020-04-06,345.0,4.0,23,1852994,1852649.0
WV,2020-04-07,412.0,4.0,23,1852994,1852582.0
WV,2020-04-08,479.0,4.0,23,1852994,1852515.0
WV,2020-04-09,520.0,5.0,23,1852994,1852474.0
WV,2020-04-10,573.0,5.0,23,1852994,1852421.0
WV,2020-04-11,591.0,6.0,23,1852994,1852403.0
WV,2020-04-12,608.0,8.0,23,1852994,1852386.0
WV,2020-04-13,633.0,9.0,23,1852994,1852361.0
WY,2020-03-16,10.0,0.0,28,563626,563616.0
WY,2020-03-17,15.0,0.0,28,563626,563611.0
WY,2020-03-18,18.0,0.0,28,563626,563608.0
WY,2020-03-19,18.0,0.0,28,563626,563608.0
WY,2020-03-20,22.0,0.0,28,563626,563604.0
WY,2020-03-21,24.0,0.0,28,563626,563602.0
WY,2020-03-22,26.0,0.0,28,563626,563600.0
WY,2020-03-23,29.0,0.0,28,563626,563597.0
WY,2020-03-24,37.0,0.0,28,563626,563589.0
WY,2020-03-25,49.0,0.0,28,563626,563577.0
WY,2020-03-26,55.0,0.0,28,563626,563571.0
WY,2020-03-27,73.0,0.0,28,563626,563553.0
WY,2020-03-28,84.0,0.0,28,563626,563542.0
WY,2020-03-29,85.0,0.0,28,563626,563541.0
WY,2020-03-30,95.0,0.0,28,563626,563531.0
WY,2020-03-31,120.0,0.0,28,563626,563506.0
WY,2020-04-01,137.0,0.0,28,563626,563489.0
WY,2020-04-02,153.0,0.0,28,563626,563473.0
WY,2020-04-03,166.0,0.0,28,563626,563460.0
WY,2020-04-04,187.0,0.0,28,563626,563439.0
WY,2020-04-05,199.0,0.0,28,563626,563427.0
WY,2020-04-06,212.0,0.0,28,563626,563414.0
WY,2020-04-07,221.0,0.0,28,563626,563405.0
WY,2020-04-08,230.0,0.0,28,563626,563396.0
WY,2020-04-09,239.0,0.0,28,563626,563387.0
WY,2020-04-10,252.0,0.0,28,563626,563374.0
WY,2020-04-11,261.0,0.0,28,563626,563365.0
WY,2020-04-12,270.0,0.0,28,563626,563356.0
WY,2020-04-13,275.0,1.0,28,563626,563351.0
